OrderID,OrderLineNo,OrderDate,ShipDate,ShipMode,OrderStatus,PaymentMethod,Quantity,Discount,LineTotal,CustomerID,CustomerName,CustomerEmail,CustomerPhone,CustomerAddress,CustomerCity,CustomerState,CustomerZip,CustomerCountry,CustomerSegment,CustomerJoinDate,ProductID,ProductName,ProductCategory,ProductSubCategory,ProductBrand,ProductUnitPrice,ProductWeightKg,SupplierName,SupplierCountry,SalesPersonID,SalesPersonName,SalesPersonEmail,SalesPersonRegion,SalesPersonRegionManager,SalesPersonHireDate,StoreID,StoreCity,StoreState,StoreRegion
ORD-1001,3,21-02-2025,24-02-2025,Standard Class,Processing,Store Credit,5,0,3944.95,CUST-0078,Kim Carlson,mariopadilla@example.com,001-448-512-6042,536 Thomas Roads,Port Jamie,Arkansas,35722,United States,Corporate,21-09-2023,PROD-0048,Meridian Table 349,Furniture,Tables,Crestline,788.99,0.32,Smith-Hardin,Cook Islands,SP-012,Steven Klein,davidtodd@rush.com,South,Kevin Thompson,08-06-2023,ST-02,North Annaville,Maine,Central
ORD-1002,3,26-07-2025,07-08-2025,Second Class,Delivered,PayPal,4,0,1031.72,CUST-0087,Angela Davis,danafoster@example.net,001-706-723-4456,3132 Eric Expressway Suite 756,Haynesstad,New Jersey,16326,United States,Small Business,06-04-2023,PROD-0059,Pinecrest Vacuum 488,Appliances,Vacuums,Argon,257.93,13.14,Kelly-Combs,Tanzania,SP-007,Deborah Campbell,codylong@larsen.biz,South,Kevin Thompson,09-02-2019,ST-07,North Julie,Louisiana,South
ORD-1003,3,22-12-2025,01-01-2026,Same Day,Processing,Credit Card,1,0,50.72,CUST-0088,Ann Aguirre,margaret90@example.org,521-335-6804x42067,21003 James Locks Suite 199,South Kyle,Kentucky,34425,United States,Small Business,03-03-2025,PROD-0039,Pinecrest Paper 282,Office Supplies,Paper,Pinecrest,50.72,23.9,Thompson PLC,Ghana,SP-013,Jay Mcneil,oharris@flowers.com,South,Kevin Thompson,18-01-2024,ST-02,North Annaville,Maine,Central
ORD-1004,2,11-10-2024,18-10-2024,First Class,Cancelled,Debit Card,8,0,3158.32,CUST-0065,Kristen Rowe,powens@example.com,245-587-7175x3556,48996 Hernandez Isle,Rochaborough,Montana,30650,United States,Small Business,25-06-2022,PROD-0042,Pinecrest Accessorie 782,Electronics,Accessories,Meridian,394.79,27.92,Peterson and Sons,Uruguay,SP-006,Matthew Lawson,gmoore@harris-lee.net,North,Tanya Buchanan,30-11-2022,ST-01,Rodriguezberg,Georgia,North
ORD-1005,2,28-04-2026,08-05-2026,Same Day,Cancelled,Store Credit,9,0.2,1879.27,CUST-0056,Raymond Le,chelsea33@example.com,-5143,98665 Kelly Heights Apt. 574,Barrmouth,Ohio,98456,United States,Home Office,23-12-2022,PROD-0012,Voltura Paper 385,Office Supplies,Paper,Falcon,261.01,5.38,Peterson and Sons,Uruguay,SP-012,Steven Klein,davidtodd@rush.com,South,Kevin Thompson,08-06-2023,ST-05,West Richard,South Carolina,East
ORD-1006,1,07-11-2024,09-11-2024,Same Day,Returned,Store Credit,5,0.05,412.68,CUST-0035,Patricia Le,russellbeasley@example.com,376-361-5654x52711,52809 Santiago Loop Suite 604,Garciaville,Tennessee,79197,United States,Home Office,22-02-2022,PROD-0021,Zenith Chair 971,Furniture,Chairs,Crestline,86.88,2.81,Peterson and Sons,Uruguay,SP-014,Andrea Hughes,rarnold@ellis.org,West,Tiffany Fry,09-02-2022,ST-04,Armstrongfort,Arizona,West
ORD-1007,2,14-07-2026,22-07-2026,Second Class,Processing,PayPal,6,0,979.74,CUST-0086,Elizabeth Dean,frichardson@example.org,001-883-620-6038x5050,83670 Jennifer Course,Smithborough,Maine,6255,United States,Home Office,10-03-2025,PROD-0025,Voltura Laptop 618,Electronics,Laptops,Pinecrest,163.29,14.03,Peterson and Sons,Uruguay,SP-006,Matthew Lawson,gmoore@harris-lee.net,North,Tanya Buchanan,30-11-2022,ST-01,Rodriguezberg,Georgia,North
ORD-1008,1,20-06-2025,29-06-2025,Standard Class,Shipped,Bank Transfer,1,0.1,6.82,CUST-0044,Jennifer Sanders,joe15@example.org,4519522047,010 Lewis Drive Suite 143,Port Shannon,Minnesota,39973,United States,Consumer,11-03-2021,PROD-0018,Nova Table 268,Furniture,Tables,Meridian,7.58,15.68,"Yu, Banks and Thompson",Monaco,SP-010,Dennis Hood,hernandezheather@miller.net,Central,Zachary Sanford,25-01-2021,ST-05,West Richard,South Carolina,East
ORD-1009,3,27-03-2026,08-04-2026,Same Day,Cancelled,Credit Card,8,0.15,7010.94,CUST-0063,Wyatt Young,barbara53@example.com,(483)864-4089,56856 Hernandez Lane Apt. 873,Port Michelle,Arkansas,30037,United States,Corporate,01-02-2022,PROD-0036,Zenith Bookcase 491,Furniture,Bookcases,Nova,1031.02,8.98,"Wolfe, Sloan and Johnson",Reunion,SP-013,Jay Mcneil,oharris@flowers.com,South,Kevin Thompson,18-01-2024,ST-04,Armstrongfort,Arizona,West
ORD-1010,3,13-02-2025,25-02-2025,First Class,Cancelled,Store Credit,4,0,1438.28,CUST-0012,Victor Baker,carlsonmichael@example.com,(798)816-9340x60883,595 Jennifer Hills,Sheilaville,Kentucky,66970,United States,Consumer,16-02-2022,PROD-0019,Falcon Fan 258,Appliances,Fans,Voltura,359.57,38.75,Guzman Inc,Malta,SP-004,Sean Curtis,franciscojones@phillips.com,North,Tanya Buchanan,17-04-2024,ST-07,North Julie,Louisiana,South
ORD-1011,2,01-06-2025,07-06-2025,First Class,Shipped,Credit Card,8,0,3823.68,CUST-0068,Jonathan Hamilton,ariel18@example.org,239.474.0148,39261 Martin Garden Suite 856,Browntown,Vermont,99540,United States,Home Office,12-04-2024,PROD-0023,Argon Storage 344,Office Supplies,Storage,Pinecrest,477.96,26.9,Meza-Elliott,Mongolia,SP-007,Deborah Campbell,codylong@larsen.biz,South,Kevin Thompson,09-02-2019,ST-06,Williamsmouth,Vermont,East
ORD-1012,2,15-11-2025,19-11-2025,First Class,Returned,Store Credit,4,0.15,295.39,CUST-0025,Joseph Dean,wgarrett@example.org,548.424.7710,086 Jeffrey Ville Apt. 712,Lake Mollymouth,Nebraska,65824,United States,Home Office,31-03-2025,PROD-0021,Zenith Chair 971,Furniture,Chairs,Crestline,86.88,2.81,Peterson and Sons,Uruguay,SP-002,Mark Mccarty,sean43@steele.com,East,Michael Anderson,22-04-2023,ST-03,Natalieview,Missouri,South
ORD-1013,1,16-12-2024,21-12-2024,First Class,Delivered,Store Credit,4,0,1438.28,CUST-0077,Kathleen Dixon,adamsamy@example.com,-7323,1713 Lisa Radial Suite 962,Port Stephen,West Virginia,81261,United States,Home Office,12-04-2021,PROD-0019,Falcon Fan 258,Appliances,Fans,Voltura,359.57,38.75,Guzman Inc,Malta,SP-002,Mark Mccarty,sean43@steele.com,East,Michael Anderson,22-04-2023,ST-04,Armstrongfort,Arizona,West
ORD-1014,1,02-01-2025,11-01-2025,Same Day,Delivered,Credit Card,5,0.15,32.21,CUST-0017,Gabriel Juarez,aramirez@example.com,270-580-5310,92327 Anne Forge,North Jorge,Massachusetts,61453,United States,Small Business,30-01-2024,PROD-0018,Nova Table 268,Furniture,Tables,Meridian,7.58,15.68,"Yu, Banks and Thompson",Monaco,SP-001,Lance Mccall,daniellegarcia@taylor-mcgee.com,North,Tanya Buchanan,30-08-2020,ST-01,Rodriguezberg,Georgia,North
ORD-1015,1,26-03-2026,03-04-2026,First Class,Cancelled,Credit Card,6,0,2157.42,CUST-0074,Kelly Bailey,kimheather@example.com,440-410-5123,673 Soto Ferry Suite 609,West Larry,New Jersey,26364,United States,Home Office,30-10-2022,PROD-0019,Falcon Fan 258,Appliances,Fans,Voltura,359.57,38.75,Guzman Inc,Malta,SP-008,Lori Castillo,johnsongeorge@rowland-wells.com,South,Kevin Thompson,07-06-2020,ST-08,Andrewport,Maryland,Central
ORD-1016,1,24-01-2026,03-02-2026,First Class,Delivered,Debit Card,1,0,1001.33,CUST-0009,Daniel Baker,nicole35@example.com,(378)449-8084,18244 Jennifer Ford Suite 874,North Stephenshire,Connecticut,7159,United States,Small Business,16-01-2021,PROD-0026,Pinecrest Phone 261,Electronics,Phones,Falcon,1001.33,28.17,Thompson-Johnson,Azerbaijan,SP-008,Lori Castillo,johnsongeorge@rowland-wells.com,South,Kevin Thompson,07-06-2020,ST-02,North Annaville,Maine,Central
ORD-1017,3,07-02-2026,17-02-2026,Second Class,Returned,Bank Transfer,10,0.2,8248.16,CUST-0016,Tommy Evans,acastaneda@example.net,001-489-937-3467x0656,806 Christopher Meadow,Port Nicoleshire,Missouri,18287,United States,Corporate,30-11-2024,PROD-0036,Zenith Bookcase 491,Furniture,Bookcases,Nova,1031.02,8.98,"Wolfe, Sloan and Johnson",Reunion,SP-013,Jay Mcneil,oharris@flowers.com,South,Kevin Thompson,18-01-2024,ST-07,North Julie,Louisiana,South
ORD-1018,3,26-04-2026,06-05-2026,Standard Class,Returned,Credit Card,7,0,1805.51,CUST-0058,Jennifer Simpson DVM,nancy04@example.net,+1-515-347-8872x874,74205 Bradley Throughway Apt. 296,East Robertburgh,Arizona,56560,United States,Corporate,27-02-2023,PROD-0059,Pinecrest Vacuum 488,Appliances,Vacuums,Argon,257.93,13.14,Kelly-Combs,Tanzania,SP-008,Lori Castillo,johnsongeorge@rowland-wells.com,South,Kevin Thompson,07-06-2020,ST-05,West Richard,South Carolina,East
ORD-1019,1,24-03-2026,04-04-2026,Second Class,Returned,Credit Card,2,0,1499.34,CUST-0027,Jane Mcneil,tylerjohnson@example.net,001-851-471-8702,4596 Melissa Walk,Williamsfort,Virginia,88890,United States,Corporate,17-11-2024,PROD-0041,Meridian Phone 171,Electronics,Phones,Argon,749.67,26.57,Thompson-Johnson,Azerbaijan,SP-004,Sean Curtis,franciscojones@phillips.com,North,Tanya Buchanan,17-04-2024,ST-05,West Richard,South Carolina,East
ORD-1020,2,12-08-2025,24-08-2025,Standard Class,Shipped,PayPal,10,0.05,1782.67,CUST-0021,Christopher Smith,joshuamccann@example.net,627-910-9477x7520,67190 Edward Port,Tinaborough,Maine,40325,United States,Consumer,03-01-2021,PROD-0001,Nova Table 981,Furniture,Tables,Zenith,187.65,6.48,Thompson PLC,Ghana,SP-007,Deborah Campbell,codylong@larsen.biz,South,Kevin Thompson,09-02-2019,ST-08,Andrewport,Maryland,Central
ORD-1021,3,25-11-2024,27-11-2024,Second Class,Cancelled,Credit Card,4,0,1376.48,CUST-0037,Todd Carlson,moorekaren@example.org,+1-814-376-7976x43815,978 Williams Locks Apt. 034,Ericport,Washington,28187,United States,Small Business,02-06-2024,PROD-0045,Crestline Table 774,Furniture,Tables,Zenith,344.12,26.59,"Foster, Garcia and Turner",Burkina Faso,SP-014,Andrea Hughes,rarnold@ellis.org,West,Tiffany Fry,09-02-2022,ST-08,Andrewport,Maryland,Central
ORD-1022,1,16-03-2025,21-03-2025,Second Class,Processing,Store Credit,3,0,906.42,CUST-0070,Cody Cole,fgarcia@example.com,-7259,826 Dominic Hollow,Wardview,Connecticut,35681,United States,Corporate,18-01-2023,PROD-0015,Argon Laptop 919,Electronics,Laptops,Zenith,302.14,7.69,Guzman Inc,Malta,SP-011,Crystal Brown,acardenas@mcdaniel.com,South,Kevin Thompson,10-06-2021,ST-03,Natalieview,Missouri,South
ORD-1023,2,06-08-2025,08-08-2025,Same Day,Processing,Store Credit,8,0.15,1753.92,CUST-0073,Kimberly Little,rodriguezjohn@example.net,(529)509-6561x014,6798 Michael Burg Suite 146,Stephensstad,Vermont,11754,United States,Small Business,28-02-2021,PROD-0059,Pinecrest Vacuum 488,Appliances,Vacuums,Argon,257.93,13.14,Kelly-Combs,Tanzania,SP-005,Christopher Bennett,paynerachael@morgan.info,North,Tanya Buchanan,23-10-2022,ST-08,Andrewport,Maryland,Central
ORD-1024,3,08-11-2024,18-11-2024,First Class,Returned,PayPal,1,0.05,1025.32,CUST-0070,Cody Cole,fgarcia@example.com,-7259,826 Dominic Hollow,Wardview,Connecticut,35681,United States,Corporate,18-01-2023,PROD-0032,Nova Table 415,Furniture,Tables,Argon,1079.28,31.87,"Wolfe, Sloan and Johnson",Reunion,SP-008,Lori Castillo,johnsongeorge@rowland-wells.com,South,Kevin Thompson,07-06-2020,ST-02,North Annaville,Maine,Central
ORD-1025,1,15-04-2026,26-04-2026,Second Class,Cancelled,Store Credit,5,0.1,4747.81,CUST-0004,Juan Dunlap,maldonadoamanda@example.com,001-551-446-2704x82814,88095 Smith Lake Suite 303,Carlsonmouth,North Dakota,74865,United States,Corporate,26-04-2025,PROD-0006,Nova Accessorie 214,Electronics,Accessories,Argon,1055.07,33.28,Smith-Hardin,Cook Islands,SP-004,Sean Curtis,franciscojones@phillips.com,North,Tanya Buchanan,17-04-2024,ST-01,Rodriguezberg,Georgia,North
ORD-1026,2,05-05-2026,15-05-2026,Standard Class,Cancelled,PayPal,7,0.15,5926.62,CUST-0084,Chad Smith,hbenton@example.net,001-642-352-4105x6481,8507 Michael Glens Apt. 913,West Elizabethburgh,Delaware,97596,United States,Corporate,16-02-2023,PROD-0029,Nova Label 194,Office Supplies,Labels,Meridian,996.07,1.86,Copeland Group,Mauritius,SP-005,Christopher Bennett,paynerachael@morgan.info,North,Tanya Buchanan,23-10-2022,ST-03,Natalieview,Missouri,South
ORD-1027,3,22-08-2024,25-08-2024,Same Day,Processing,Bank Transfer,6,0.05,4247.41,CUST-0053,Johnny Khan,amitchell@example.org,(624)356-5060x98358,784 David Court Suite 558,East Brandy,Arkansas,48421,United States,Small Business,10-05-2024,PROD-0022,Voltura Table 692,Furniture,Tables,Nova,745.16,16.83,Thompson PLC,Ghana,SP-006,Matthew Lawson,gmoore@harris-lee.net,North,Tanya Buchanan,30-11-2022,ST-02,North Annaville,Maine,Central
ORD-1028,1,19-12-2024,25-12-2024,Same Day,Returned,Credit Card,5,0,691.5,CUST-0071,Mr. David Wright,mwheeler@example.com,924-706-5965,924 Morrison Square Apt. 752,East Ryanchester,Maryland,52699,United States,Consumer,04-06-2025,PROD-0003,Pinecrest Laptop 887,Electronics,Laptops,Argon,138.3,17.45,Schroeder PLC,Tokelau,SP-008,Lori Castillo,johnsongeorge@rowland-wells.com,South,Kevin Thompson,07-06-2020,ST-02,North Annaville,Maine,Central
ORD-1029,3,01-04-2026,08-04-2026,First Class,Returned,Bank Transfer,1,0,588.43,CUST-0085,James Hernandez,tranrobin@example.net,+1-263-453-6541x9518,061 Cline Trail,Port Michellebury,Arizona,41224,United States,Corporate,21-03-2022,PROD-0056,Meridian Label 651,Office Supplies,Labels,Voltura,588.43,10.99,Oconnor Group,Somalia,SP-009,John Guerrero,maypaul@mcclure-wood.info,North,Tanya Buchanan,07-11-2018,ST-08,Andrewport,Maryland,Central
ORD-1030,1,04-04-2026,08-04-2026,First Class,Cancelled,Bank Transfer,5,0.1,4482.32,CUST-0081,Jennifer Anderson MD,zdavis@example.org,255-442-6221,3269 Heath Corners Apt. 219,Smithmouth,Delaware,96184,United States,Small Business,03-07-2022,PROD-0029,Nova Label 194,Office Supplies,Labels,Meridian,996.07,1.86,Copeland Group,Mauritius,SP-013,Jay Mcneil,oharris@flowers.com,South,Kevin Thompson,18-01-2024,ST-01,Rodriguezberg,Georgia,North
ORD-1031,3,30-01-2025,11-02-2025,Standard Class,Returned,Bank Transfer,3,0,1911.87,CUST-0016,Tommy Evans,acastaneda@example.net,001-489-937-3467x0656,806 Christopher Meadow,Port Nicoleshire,Missouri,18287,United States,Corporate,30-11-2024,PROD-0002,Meridian Kitchen 710,Appliances,Kitchen,Falcon,637.29,38.85,Guzman Inc,Malta,SP-011,Crystal Brown,acardenas@mcdaniel.com,South,Kevin Thompson,10-06-2021,ST-04,Armstrongfort,Arizona,West
ORD-1032,1,30-06-2025,08-07-2025,Same Day,Processing,Store Credit,2,0.15,513.64,CUST-0012,Victor Baker,carlsonmichael@example.com,(798)816-9340x60883,595 Jennifer Hills,Sheilaville,Kentucky,66970,United States,Consumer,16-02-2022,PROD-0015,Argon Laptop 919,Electronics,Laptops,Zenith,302.14,7.69,Guzman Inc,Malta,SP-014,Andrea Hughes,rarnold@ellis.org,West,Tiffany Fry,09-02-2022,ST-02,North Annaville,Maine,Central
ORD-1033,3,03-06-2026,11-06-2026,Second Class,Cancelled,Debit Card,4,0.05,1219.95,CUST-0035,Patricia Le,russellbeasley@example.com,376-361-5654x52711,52809 Santiago Loop Suite 604,Garciaville,Tennessee,79197,United States,Home Office,22-02-2022,PROD-0027,Zenith Accessorie 999,Electronics,Accessories,Crestline,321.04,35.6,"Yu, Banks and Thompson",Monaco,SP-014,Andrea Hughes,rarnold@ellis.org,West,Tiffany Fry,09-02-2022,ST-08,Andrewport,Maryland,Central
ORD-1034,2,29-12-2025,31-12-2025,First Class,Returned,PayPal,5,0.2,1710.6,CUST-0077,Kathleen Dixon,adamsamy@example.com,-7323,1713 Lisa Radial Suite 962,Port Stephen,West Virginia,81261,United States,Home Office,12-04-2021,PROD-0033,Voltura Accessorie 782,Electronics,Accessories,Zenith,427.65,22.44,Meza-Elliott,Mongolia,SP-012,Steven Klein,davidtodd@rush.com,South,Kevin Thompson,08-06-2023,ST-03,Natalieview,Missouri,South
ORD-1035,2,17-02-2025,27-02-2025,Second Class,Cancelled,Store Credit,10,0.15,3056.34,CUST-0001,Brian Yang,garzaanthony@example.org,538.990.8386,26542 Susan Junction Apt. 161,North Judithbury,Iowa,47553,United States,Consumer,26-10-2024,PROD-0019,Falcon Fan 258,Appliances,Fans,Voltura,359.57,38.75,Guzman Inc,Malta,SP-012,Steven Klein,davidtodd@rush.com,South,Kevin Thompson,08-06-2023,ST-05,West Richard,South Carolina,East
ORD-1036,1,25-03-2026,02-04-2026,Second Class,Returned,Bank Transfer,6,0.2,2294.21,CUST-0062,Monica Walker,avilatiffany@example.com,+1-886-286-3375x24310,11907 John Cape,Davidside,Montana,53226,United States,Corporate,11-10-2022,PROD-0023,Argon Storage 344,Office Supplies,Storage,Pinecrest,477.96,26.9,Meza-Elliott,Mongolia,SP-006,Matthew Lawson,gmoore@harris-lee.net,North,Tanya Buchanan,30-11-2022,ST-07,North Julie,Louisiana,South
ORD-1037,2,05-08-2025,06-08-2025,Same Day,Cancelled,Debit Card,6,0.15,2932.45,CUST-0030,Colleen Lee,erica21@example.net,+1-504-470-9521x4562,842 Sloan Orchard Suite 517,Kimberlybury,Rhode Island,10370,United States,Consumer,15-04-2021,PROD-0055,Nova Heater 977,Appliances,Heaters,Meridian,574.99,37.72,"Yu, Banks and Thompson",Monaco,SP-013,Jay Mcneil,oharris@flowers.com,South,Kevin Thompson,18-01-2024,ST-07,North Julie,Louisiana,South
ORD-1038,3,08-11-2025,10-11-2025,Same Day,Delivered,Debit Card,8,0,1106.4,CUST-0064,Tracy Grant,paulscott@example.com,+1-317-551-8304x6990,3540 Sharon Streets,Port Steven,Arkansas,15877,United States,Small Business,25-04-2024,PROD-0003,Pinecrest Laptop 887,Electronics,Laptops,Argon,138.3,17.45,Schroeder PLC,Tokelau,SP-003,Amber Kim,acosta@macias-bell.biz,South,Kevin Thompson,12-03-2019,ST-06,Williamsmouth,Vermont,East
ORD-1039,2,30-10-2024,01-11-2024,First Class,Returned,Bank Transfer,8,0.2,3765.95,CUST-0053,Johnny Khan,amitchell@example.org,(624)356-5060x98358,784 David Court Suite 558,East Brandy,Arkansas,48421,United States,Small Business,10-05-2024,PROD-0056,Meridian Label 651,Office Supplies,Labels,Voltura,588.43,10.99,Oconnor Group,Somalia,SP-011,Crystal Brown,acardenas@mcdaniel.com,South,Kevin Thompson,10-06-2021,ST-03,Natalieview,Missouri,South
ORD-1040,2,23-08-2024,03-09-2024,Same Day,Returned,Credit Card,9,0.05,9020.85,CUST-0084,Chad Smith,hbenton@example.net,001-642-352-4105x6481,8507 Michael Glens Apt. 913,West Elizabethburgh,Delaware,97596,United States,Corporate,16-02-2023,PROD-0006,Nova Accessorie 214,Electronics,Accessories,Argon,1055.07,33.28,Smith-Hardin,Cook Islands,SP-014,Andrea Hughes,rarnold@ellis.org,West,Tiffany Fry,09-02-2022,ST-06,Williamsmouth,Vermont,East
ORD-1041,1,30-04-2025,04-05-2025,Standard Class,Cancelled,Debit Card,2,0.05,1234.16,CUST-0080,William Patterson,nicoleturner@example.com,554-815-2064,103 Miller Ramp,Smithburgh,New Hampshire,30148,United States,Small Business,07-03-2023,PROD-0005,Argon Binder 880,Office Supplies,Binders,Crestline,649.56,31.17,"Wolfe, Sloan and Johnson",Reunion,SP-004,Sean Curtis,franciscojones@phillips.com,North,Tanya Buchanan,17-04-2024,ST-05,West Richard,South Carolina,East
ORD-1042,2,09-10-2025,15-10-2025,First Class,Cancelled,Debit Card,1,0,605.91,CUST-0089,Carl Stein,david70@example.org,001-566-470-6625,7209 Deborah Parks Suite 870,North Wendyborough,Tennessee,11998,United States,Home Office,24-12-2021,PROD-0020,Nova Accessorie 698,Electronics,Accessories,Falcon,605.91,34.12,Kelly-Combs,Tanzania,SP-001,Lance Mccall,daniellegarcia@taylor-mcgee.com,North,Tanya Buchanan,30-08-2020,ST-01,Rodriguezberg,Georgia,North
ORD-1043,3,08-12-2024,11-12-2024,Same Day,Returned,Debit Card,3,0,3514.71,CUST-0032,Andrew Ferrell,davispaige@example.org,(275)786-9261x7964,7351 Stephens Rue,Debraville,Florida,47513,United States,Consumer,19-11-2020,PROD-0034,Voltura Vacuum 985,Appliances,Vacuums,Crestline,1171.57,32.45,"Yu, Banks and Thompson",Monaco,SP-007,Deborah Campbell,codylong@larsen.biz,South,Kevin Thompson,09-02-2019,ST-03,Natalieview,Missouri,South
ORD-1044,2,29-04-2026,03-05-2026,Same Day,Processing,Credit Card,8,0.15,1753.92,CUST-0064,Tracy Grant,paulscott@example.com,+1-317-551-8304x6990,3540 Sharon Streets,Port Steven,Arkansas,15877,United States,Small Business,25-04-2024,PROD-0059,Pinecrest Vacuum 488,Appliances,Vacuums,Argon,257.93,13.14,Kelly-Combs,Tanzania,SP-010,Dennis Hood,hernandezheather@miller.net,Central,Zachary Sanford,25-01-2021,ST-03,Natalieview,Missouri,South
ORD-1045,3,04-10-2025,06-10-2025,First Class,Cancelled,PayPal,8,0,842.56,CUST-0060,Rachel Fox,christian91@example.org,-3638,971 Stokes Motorway,Port John,Wisconsin,17795,United States,Consumer,24-02-2023,PROD-0058,Meridian Chair 706,Furniture,Chairs,Nova,105.32,17.2,"Yu, Banks and Thompson",Monaco,SP-005,Christopher Bennett,paynerachael@morgan.info,North,Tanya Buchanan,23-10-2022,ST-03,Natalieview,Missouri,South
ORD-1046,1,13-04-2025,20-04-2025,Same Day,Returned,PayPal,8,0,4599.92,CUST-0059,Timothy Smith,wyoung@example.com,649-390-4530x17426,9332 Hernandez Summit Suite 687,South Elizabethburgh,Florida,99768,United States,Home Office,09-04-2023,PROD-0055,Nova Heater 977,Appliances,Heaters,Meridian,574.99,37.72,"Yu, Banks and Thompson",Monaco,SP-005,Christopher Bennett,paynerachael@morgan.info,North,Tanya Buchanan,23-10-2022,ST-04,Armstrongfort,Arizona,West
ORD-1047,1,28-11-2024,29-11-2024,Standard Class,Returned,Bank Transfer,7,0,2516.99,CUST-0074,Kelly Bailey,kimheather@example.com,440-410-5123,673 Soto Ferry Suite 609,West Larry,New Jersey,26364,United States,Home Office,30-10-2022,PROD-0019,Falcon Fan 258,Appliances,Fans,Voltura,359.57,38.75,Guzman Inc,Malta,SP-012,Steven Klein,davidtodd@rush.com,South,Kevin Thompson,08-06-2023,ST-05,West Richard,South Carolina,East
ORD-1048,3,16-05-2026,26-05-2026,Second Class,Returned,PayPal,6,0,6841.8,CUST-0037,Todd Carlson,moorekaren@example.org,+1-814-376-7976x43815,978 Williams Locks Apt. 034,Ericport,Washington,28187,United States,Small Business,02-06-2024,PROD-0050,Falcon Monitor 783,Electronics,Monitors,Argon,1140.3,35.67,"Wolfe, Sloan and Johnson",Reunion,SP-013,Jay Mcneil,oharris@flowers.com,South,Kevin Thompson,18-01-2024,ST-04,Armstrongfort,Arizona,West
ORD-1049,3,30-01-2026,10-02-2026,Standard Class,Processing,Bank Transfer,2,0.15,110.52,CUST-0087,Angela Davis,danafoster@example.net,001-706-723-4456,3132 Eric Expressway Suite 756,Haynesstad,New Jersey,16326,United States,Small Business,06-04-2023,PROD-0049,Crestline Monitor 923,Electronics,Monitors,Falcon,65.01,10.04,Meza-Elliott,Mongolia,SP-012,Steven Klein,davidtodd@rush.com,South,Kevin Thompson,08-06-2023,ST-03,Natalieview,Missouri,South
ORD-1050,3,17-12-2025,19-12-2025,Same Day,Shipped,Debit Card,5,0,4085.1,CUST-0005,Beth Keller,josephbrennan@example.com,383.546.5787,50983 Adrian Station,Lake Toddland,Wisconsin,83220,United States,Corporate,16-11-2020,PROD-0038,Pinecrest Paper 459,Office Supplies,Paper,Meridian,817.02,33.76,"Foster, Garcia and Turner",Burkina Faso,SP-006,Matthew Lawson,gmoore@harris-lee.net,North,Tanya Buchanan,30-11-2022,ST-03,Natalieview,Missouri,South
ORD-1051,1,25-02-2025,06-03-2025,First Class,Cancelled,PayPal,9,0,4885.47,CUST-0017,Gabriel Juarez,aramirez@example.com,270-580-5310,92327 Anne Forge,North Jorge,Massachusetts,61453,United States,Small Business,30-01-2024,PROD-0051,Crestline Heater 861,Appliances,Heaters,Falcon,542.83,30.1,"Yu, Banks and Thompson",Monaco,SP-009,John Guerrero,maypaul@mcclure-wood.info,North,Tanya Buchanan,07-11-2018,ST-06,Williamsmouth,Vermont,East
ORD-1052,1,10-05-2025,12-05-2025,Same Day,Returned,PayPal,3,0.2,234.22,CUST-0044,Jennifer Sanders,joe15@example.org,4519522047,010 Lewis Drive Suite 143,Port Shannon,Minnesota,39973,United States,Consumer,11-03-2021,PROD-0052,Voltura Label 381,Office Supplies,Labels,Falcon,97.59,11.5,Schroeder PLC,Tokelau,SP-002,Mark Mccarty,sean43@steele.com,East,Michael Anderson,22-04-2023,ST-08,Andrewport,Maryland,Central
ORD-1053,2,28-11-2024,03-12-2024,First Class,Processing,Store Credit,9,0,4885.47,CUST-0012,Victor Baker,carlsonmichael@example.com,(798)816-9340x60883,595 Jennifer Hills,Sheilaville,Kentucky,66970,United States,Consumer,16-02-2022,PROD-0051,Crestline Heater 861,Appliances,Heaters,Falcon,542.83,30.1,"Yu, Banks and Thompson",Monaco,SP-007,Deborah Campbell,codylong@larsen.biz,South,Kevin Thompson,09-02-2019,ST-01,Rodriguezberg,Georgia,North
ORD-1054,1,23-09-2025,25-09-2025,First Class,Returned,Debit Card,4,0.05,1069.17,CUST-0049,Steven Wallace,cochrantammy@example.com,+1-451-588-4422x58313,58957 Cheryl Corners Apt. 467,Gonzalezberg,California,69404,United States,Corporate,21-08-2022,PROD-0053,Zenith Storage 241,Office Supplies,Storage,Crestline,281.36,27.79,Thompson-Johnson,Azerbaijan,SP-011,Crystal Brown,acardenas@mcdaniel.com,South,Kevin Thompson,10-06-2021,ST-06,Williamsmouth,Vermont,East
ORD-1055,2,07-07-2026,19-07-2026,Standard Class,Shipped,Credit Card,5,0.15,2760.63,CUST-0083,Lori Mason,zhenderson@example.org,+1-788-892-4141x8328,6303 Sandy Crescent,North Sandra,Montana,59925,United States,Home Office,24-08-2023,PROD-0005,Argon Binder 880,Office Supplies,Binders,Crestline,649.56,31.17,"Wolfe, Sloan and Johnson",Reunion,SP-011,Crystal Brown,acardenas@mcdaniel.com,South,Kevin Thompson,10-06-2021,ST-08,Andrewport,Maryland,Central
ORD-1056,1,19-04-2026,21-04-2026,Same Day,Cancelled,PayPal,4,0.1,2181.28,CUST-0005,Beth Keller,josephbrennan@example.com,383.546.5787,50983 Adrian Station,Lake Toddland,Wisconsin,83220,United States,Corporate,16-11-2020,PROD-0020,Nova Accessorie 698,Electronics,Accessories,Falcon,605.91,34.12,Kelly-Combs,Tanzania,SP-008,Lori Castillo,johnsongeorge@rowland-wells.com,South,Kevin Thompson,07-06-2020,ST-02,North Annaville,Maine,Central
ORD-1057,3,17-11-2025,27-11-2025,Standard Class,Cancelled,Store Credit,3,0.05,2248.62,CUST-0086,Elizabeth Dean,frichardson@example.org,001-883-620-6038x5050,83670 Jennifer Course,Smithborough,Maine,6255,United States,Home Office,10-03-2025,PROD-0048,Meridian Table 349,Furniture,Tables,Crestline,788.99,0.32,Smith-Hardin,Cook Islands,SP-012,Steven Klein,davidtodd@rush.com,South,Kevin Thompson,08-06-2023,ST-07,North Julie,Louisiana,South
ORD-1058,1,09-12-2025,13-12-2025,First Class,Delivered,PayPal,8,0.05,57.61,CUST-0053,Johnny Khan,amitchell@example.org,(624)356-5060x98358,784 David Court Suite 558,East Brandy,Arkansas,48421,United States,Small Business,10-05-2024,PROD-0018,Nova Table 268,Furniture,Tables,Meridian,7.58,15.68,"Yu, Banks and Thompson",Monaco,SP-001,Lance Mccall,daniellegarcia@taylor-mcgee.com,North,Tanya Buchanan,30-08-2020,ST-06,Williamsmouth,Vermont,East
ORD-1059,1,13-02-2025,14-02-2025,Standard Class,Cancelled,Credit Card,7,0,737.24,CUST-0070,Cody Cole,fgarcia@example.com,-7259,826 Dominic Hollow,Wardview,Connecticut,35681,United States,Corporate,18-01-2023,PROD-0058,Meridian Chair 706,Furniture,Chairs,Nova,105.32,17.2,"Yu, Banks and Thompson",Monaco,SP-011,Crystal Brown,acardenas@mcdaniel.com,South,Kevin Thompson,10-06-2021,ST-06,Williamsmouth,Vermont,East
ORD-1060,1,27-05-2025,28-05-2025,Second Class,Delivered,Store Credit,6,0,4858.02,CUST-0085,James Hernandez,tranrobin@example.net,+1-263-453-6541x9518,061 Cline Trail,Port Michellebury,Arizona,41224,United States,Corporate,21-03-2022,PROD-0014,Meridian Fan 578,Appliances,Fans,Nova,809.67,39.37,Guzman Inc,Malta,SP-011,Crystal Brown,acardenas@mcdaniel.com,South,Kevin Thompson,10-06-2021,ST-01,Rodriguezberg,Georgia,North
ORD-1061,3,15-08-2024,21-08-2024,Standard Class,Processing,Debit Card,3,0.2,1960.85,CUST-0027,Jane Mcneil,tylerjohnson@example.net,001-851-471-8702,4596 Melissa Walk,Williamsfort,Virginia,88890,United States,Corporate,17-11-2024,PROD-0038,Pinecrest Paper 459,Office Supplies,Paper,Meridian,817.02,33.76,"Foster, Garcia and Turner",Burkina Faso,SP-004,Sean Curtis,franciscojones@phillips.com,North,Tanya Buchanan,17-04-2024,ST-04,Armstrongfort,Arizona,West
ORD-1062,1,22-02-2026,24-02-2026,First Class,Shipped,Store Credit,1,0,963.67,CUST-0017,Gabriel Juarez,aramirez@example.com,270-580-5310,92327 Anne Forge,North Jorge,Massachusetts,61453,United States,Small Business,30-01-2024,PROD-0035,Argon Kitchen 901,Appliances,Kitchen,Meridian,963.67,34.58,"Wolfe, Sloan and Johnson",Reunion,SP-005,Christopher Bennett,paynerachael@morgan.info,North,Tanya Buchanan,23-10-2022,ST-03,Natalieview,Missouri,South
ORD-1063,2,13-02-2026,14-02-2026,Standard Class,Delivered,Bank Transfer,3,0.15,1625.09,CUST-0042,Susan Davis DDS,andrew42@example.org,473-832-2141x88805,29270 Diaz Stravenue,Lake Jacqueline,West Virginia,31634,United States,Home Office,06-06-2025,PROD-0002,Meridian Kitchen 710,Appliances,Kitchen,Falcon,637.29,38.85,Guzman Inc,Malta,SP-003,Amber Kim,acosta@macias-bell.biz,South,Kevin Thompson,12-03-2019,ST-05,West Richard,South Carolina,East
ORD-1064,3,07-08-2024,15-08-2024,Standard Class,Returned,PayPal,9,0,10262.7,CUST-0058,Jennifer Simpson DVM,nancy04@example.net,+1-515-347-8872x874,74205 Bradley Throughway Apt. 296,East Robertburgh,Arizona,56560,United States,Corporate,27-02-2023,PROD-0050,Falcon Monitor 783,Electronics,Monitors,Argon,1140.3,35.67,"Wolfe, Sloan and Johnson",Reunion,SP-006,Matthew Lawson,gmoore@harris-lee.net,North,Tanya Buchanan,30-11-2022,ST-02,North Annaville,Maine,Central
ORD-1065,3,29-05-2026,06-06-2026,Standard Class,Cancelled,Bank Transfer,7,0.05,2625.35,CUST-0059,Timothy Smith,wyoung@example.com,649-390-4530x17426,9332 Hernandez Summit Suite 687,South Elizabethburgh,Florida,99768,United States,Home Office,09-04-2023,PROD-0042,Pinecrest Accessorie 782,Electronics,Accessories,Meridian,394.79,27.92,Peterson and Sons,Uruguay,SP-001,Lance Mccall,daniellegarcia@taylor-mcgee.com,North,Tanya Buchanan,30-08-2020,ST-01,Rodriguezberg,Georgia,North
ORD-1066,1,17-11-2025,27-11-2025,First Class,Returned,Store Credit,3,0,315.96,CUST-0010,Carlos Whitney,joycearnold@example.com,-9271,45053 Elizabeth Knoll,Calderonton,Alabama,73886,United States,Consumer,01-01-2025,PROD-0058,Meridian Chair 706,Furniture,Chairs,Nova,105.32,17.2,"Yu, Banks and Thompson",Monaco,SP-002,Mark Mccarty,sean43@steele.com,East,Michael Anderson,22-04-2023,ST-06,Williamsmouth,Vermont,East
ORD-1067,2,14-10-2025,24-10-2025,Same Day,Delivered,Credit Card,9,0,2461.05,CUST-0071,Mr. David Wright,mwheeler@example.com,924-706-5965,924 Morrison Square Apt. 752,East Ryanchester,Maryland,52699,United States,Consumer,04-06-2025,PROD-0046,Voltura Paper 788,Office Supplies,Paper,Pinecrest,273.45,8.05,Oconnor Group,Somalia,SP-006,Matthew Lawson,gmoore@harris-lee.net,North,Tanya Buchanan,30-11-2022,ST-07,North Julie,Louisiana,South
ORD-1068,2,07-08-2024,14-08-2024,First Class,Cancelled,Bank Transfer,8,0,3158.32,CUST-0084,Chad Smith,hbenton@example.net,001-642-352-4105x6481,8507 Michael Glens Apt. 913,West Elizabethburgh,Delaware,97596,United States,Corporate,16-02-2023,PROD-0042,Pinecrest Accessorie 782,Electronics,Accessories,Meridian,394.79,27.92,Peterson and Sons,Uruguay,SP-013,Jay Mcneil,oharris@flowers.com,South,Kevin Thompson,18-01-2024,ST-04,Armstrongfort,Arizona,West
ORD-1069,2,01-02-2025,08-02-2025,First Class,Shipped,Bank Transfer,6,0.15,2801.02,CUST-0054,Andrew Reeves,jstone@example.net,925.695.2694x95888,55169 Robles Stream Apt. 974,New William,North Carolina,86430,United States,Home Office,30-06-2024,PROD-0047,Falcon Laptop 725,Electronics,Laptops,Zenith,549.22,35.46,Meza-Elliott,Mongolia,SP-002,Mark Mccarty,sean43@steele.com,East,Michael Anderson,22-04-2023,ST-06,Williamsmouth,Vermont,East
ORD-1070,3,12-03-2026,14-03-2026,First Class,Shipped,Store Credit,7,0,7385.49,CUST-0009,Daniel Baker,nicole35@example.com,(378)449-8084,18244 Jennifer Ford Suite 874,North Stephenshire,Connecticut,7159,United States,Small Business,16-01-2021,PROD-0006,Nova Accessorie 214,Electronics,Accessories,Argon,1055.07,33.28,Smith-Hardin,Cook Islands,SP-014,Andrea Hughes,rarnold@ellis.org,West,Tiffany Fry,09-02-2022,ST-02,North Annaville,Maine,Central
ORD-1071,2,12-03-2025,23-03-2025,Same Day,Delivered,PayPal,2,0.05,1552.34,CUST-0008,Andrea Jones,richarddavid@example.net,799.609.1699,534 Anderson Rue,North Susan,Colorado,39822,United States,Consumer,13-11-2022,PROD-0038,Pinecrest Paper 459,Office Supplies,Paper,Meridian,817.02,33.76,"Foster, Garcia and Turner",Burkina Faso,SP-009,John Guerrero,maypaul@mcclure-wood.info,North,Tanya Buchanan,07-11-2018,ST-06,Williamsmouth,Vermont,East
ORD-1072,1,08-07-2026,18-07-2026,Same Day,Shipped,Credit Card,9,0,5453.19,CUST-0077,Kathleen Dixon,adamsamy@example.com,-7323,1713 Lisa Radial Suite 962,Port Stephen,West Virginia,81261,United States,Home Office,12-04-2021,PROD-0020,Nova Accessorie 698,Electronics,Accessories,Falcon,605.91,34.12,Kelly-Combs,Tanzania,SP-006,Matthew Lawson,gmoore@harris-lee.net,North,Tanya Buchanan,30-11-2022,ST-02,North Annaville,Maine,Central
ORD-1073,1,13-11-2025,15-11-2025,Same Day,Returned,Store Credit,5,0.1,2587.45,CUST-0045,Brian Stein,chenbailey@example.net,(446)309-5396,88888 Peter Mountains Apt. 654,South Danielle,South Carolina,98453,United States,Consumer,30-08-2020,PROD-0055,Nova Heater 977,Appliances,Heaters,Meridian,574.99,37.72,"Yu, Banks and Thompson",Monaco,SP-009,John Guerrero,maypaul@mcclure-wood.info,North,Tanya Buchanan,07-11-2018,ST-06,Williamsmouth,Vermont,East
ORD-1074,1,06-06-2025,16-06-2025,First Class,Processing,PayPal,5,0,2803.3,CUST-0079,Diana Mayer,shawn75@example.net,5179518636,4589 Ashlee Oval Suite 001,Hayesland,Montana,82575,United States,Small Business,02-07-2024,PROD-0044,Voltura Accessorie 540,Electronics,Accessories,Argon,560.66,17.74,Copeland Group,Mauritius,SP-011,Crystal Brown,acardenas@mcdaniel.com,South,Kevin Thompson,10-06-2021,ST-01,Rodriguezberg,Georgia,North
ORD-1075,1,03-05-2025,13-05-2025,Standard Class,Delivered,Store Credit,7,0,1313.55,CUST-0045,Brian Stein,chenbailey@example.net,(446)309-5396,88888 Peter Mountains Apt. 654,South Danielle,South Carolina,98453,United States,Consumer,30-08-2020,PROD-0001,Nova Table 981,Furniture,Tables,Zenith,187.65,6.48,Thompson PLC,Ghana,SP-003,Amber Kim,acosta@macias-bell.biz,South,Kevin Thompson,12-03-2019,ST-03,Natalieview,Missouri,South
ORD-1076,2,12-04-2025,18-04-2025,First Class,Returned,Store Credit,3,0,489.87,CUST-0028,Barry Welch,wendy16@example.org,001-517-824-0050x45562,21969 Tyler Prairie,Finleyfort,Ohio,19259,United States,Home Office,28-09-2021,PROD-0025,Voltura Laptop 618,Electronics,Laptops,Pinecrest,163.29,14.03,Peterson and Sons,Uruguay,SP-007,Deborah Campbell,codylong@larsen.biz,South,Kevin Thompson,09-02-2019,ST-08,Andrewport,Maryland,Central
ORD-1077,3,01-02-2025,04-02-2025,Standard Class,Processing,Bank Transfer,10,0,8704,CUST-0011,Vanessa Cochran,vjohnson@example.com,(534)221-6073x37543,5414 May Locks,Dicksonberg,Kansas,89566,United States,Consumer,27-06-2025,PROD-0057,Argon Kitchen 784,Appliances,Kitchen,Meridian,870.4,33.64,Guzman Inc,Malta,SP-001,Lance Mccall,daniellegarcia@taylor-mcgee.com,North,Tanya Buchanan,30-08-2020,ST-03,Natalieview,Missouri,South
ORD-1078,3,08-07-2025,15-07-2025,Standard Class,Processing,Bank Transfer,5,0,1241.5,CUST-0085,James Hernandez,tranrobin@example.net,+1-263-453-6541x9518,061 Cline Trail,Port Michellebury,Arizona,41224,United States,Corporate,21-03-2022,PROD-0028,Voltura Bookcase 834,Furniture,Bookcases,Argon,248.3,25.41,Copeland Group,Mauritius,SP-008,Lori Castillo,johnsongeorge@rowland-wells.com,South,Kevin Thompson,07-06-2020,ST-08,Andrewport,Maryland,Central
ORD-1079,1,09-12-2025,18-12-2025,Same Day,Returned,Credit Card,5,0,1797.85,CUST-0015,David Walsh,rsims@example.com,443-545-5812,231 Russell Plains Suite 603,Merrittfort,New Hampshire,55570,United States,Consumer,13-07-2022,PROD-0019,Falcon Fan 258,Appliances,Fans,Voltura,359.57,38.75,Guzman Inc,Malta,SP-011,Crystal Brown,acardenas@mcdaniel.com,South,Kevin Thompson,10-06-2021,ST-08,Andrewport,Maryland,Central
ORD-1080,2,26-03-2026,29-03-2026,Standard Class,Delivered,Bank Transfer,5,0,4048.35,CUST-0001,Brian Yang,garzaanthony@example.org,538.990.8386,26542 Susan Junction Apt. 161,North Judithbury,Iowa,47553,United States,Consumer,26-10-2024,PROD-0014,Meridian Fan 578,Appliances,Fans,Nova,809.67,39.37,Guzman Inc,Malta,SP-005,Christopher Bennett,paynerachael@morgan.info,North,Tanya Buchanan,23-10-2022,ST-04,Armstrongfort,Arizona,West
ORD-1081,3,18-05-2025,27-05-2025,First Class,Delivered,Bank Transfer,4,0.1,939.64,CUST-0056,Raymond Le,chelsea33@example.com,-5143,98665 Kelly Heights Apt. 574,Barrmouth,Ohio,98456,United States,Home Office,23-12-2022,PROD-0012,Voltura Paper 385,Office Supplies,Paper,Falcon,261.01,5.38,Peterson and Sons,Uruguay,SP-003,Amber Kim,acosta@macias-bell.biz,South,Kevin Thompson,12-03-2019,ST-07,North Julie,Louisiana,South
ORD-1082,2,14-10-2024,16-10-2024,Same Day,Cancelled,PayPal,6,0.1,1340.82,CUST-0006,Michael Lewis,jenniferkhan@example.net,337.263.1165x6670,513 James Mission Apt. 624,North Micheleland,North Carolina,61138,United States,Corporate,31-10-2021,PROD-0028,Voltura Bookcase 834,Furniture,Bookcases,Argon,248.3,25.41,Copeland Group,Mauritius,SP-001,Lance Mccall,daniellegarcia@taylor-mcgee.com,North,Tanya Buchanan,30-08-2020,ST-08,Andrewport,Maryland,Central
ORD-1083,3,09-08-2025,12-08-2025,First Class,Delivered,Bank Transfer,10,0.05,9512.64,CUST-0015,David Walsh,rsims@example.com,443-545-5812,231 Russell Plains Suite 603,Merrittfort,New Hampshire,55570,United States,Consumer,13-07-2022,PROD-0026,Pinecrest Phone 261,Electronics,Phones,Falcon,1001.33,28.17,Thompson-Johnson,Azerbaijan,SP-001,Lance Mccall,daniellegarcia@taylor-mcgee.com,North,Tanya Buchanan,30-08-2020,ST-06,Williamsmouth,Vermont,East
ORD-1084,2,28-11-2025,07-12-2025,First Class,Shipped,PayPal,2,0.05,576.69,CUST-0014,Angel Riggs,gibsonolivia@example.net,567.463.2016,83172 Contreras Points Suite 798,Lake Lance,Illinois,56434,United States,Corporate,25-09-2024,PROD-0016,Crestline Vacuum 385,Appliances,Vacuums,Falcon,303.52,36.94,Guzman Inc,Malta,SP-007,Deborah Campbell,codylong@larsen.biz,South,Kevin Thompson,09-02-2019,ST-07,North Julie,Louisiana,South
ORD-1085,2,09-04-2026,18-04-2026,First Class,Shipped,Debit Card,9,0,5846.04,CUST-0022,Rachel Perez,chayes@example.com,001-564-699-0913,32812 Ricky Spurs,North Angela,Nebraska,78333,United States,Corporate,07-12-2022,PROD-0005,Argon Binder 880,Office Supplies,Binders,Crestline,649.56,31.17,"Wolfe, Sloan and Johnson",Reunion,SP-009,John Guerrero,maypaul@mcclure-wood.info,North,Tanya Buchanan,07-11-2018,ST-02,North Annaville,Maine,Central
ORD-1086,3,01-05-2025,04-05-2025,Standard Class,Shipped,Bank Transfer,10,0,2735.1,CUST-0014,Angel Riggs,gibsonolivia@example.net,567.463.2016,83172 Contreras Points Suite 798,Lake Lance,Illinois,56434,United States,Corporate,25-09-2024,PROD-0010,Falcon Label 223,Office Supplies,Labels,Voltura,273.51,13.59,"Yu, Banks and Thompson",Monaco,SP-005,Christopher Bennett,paynerachael@morgan.info,North,Tanya Buchanan,23-10-2022,ST-04,Armstrongfort,Arizona,West
ORD-1087,3,17-11-2025,28-11-2025,First Class,Processing,Debit Card,10,0.15,552.59,CUST-0060,Rachel Fox,christian91@example.org,-3638,971 Stokes Motorway,Port John,Wisconsin,17795,United States,Consumer,24-02-2023,PROD-0049,Crestline Monitor 923,Electronics,Monitors,Falcon,65.01,10.04,Meza-Elliott,Mongolia,SP-010,Dennis Hood,hernandezheather@miller.net,Central,Zachary Sanford,25-01-2021,ST-08,Andrewport,Maryland,Central
ORD-1088,2,20-10-2025,31-10-2025,Standard Class,Processing,Store Credit,5,0.2,2598.24,CUST-0057,Breanna Gilbert,johnsantiago@example.net,230.416.5712,773 Morris Rue Apt. 193,Port Amanda,Oklahoma,70644,United States,Home Office,10-04-2024,PROD-0005,Argon Binder 880,Office Supplies,Binders,Crestline,649.56,31.17,"Wolfe, Sloan and Johnson",Reunion,SP-008,Lori Castillo,johnsongeorge@rowland-wells.com,South,Kevin Thompson,07-06-2020,ST-08,Andrewport,Maryland,Central
ORD-1089,2,07-03-2025,08-03-2025,Standard Class,Delivered,Store Credit,1,0,605.91,CUST-0010,Carlos Whitney,joycearnold@example.com,-9271,45053 Elizabeth Knoll,Calderonton,Alabama,73886,United States,Consumer,01-01-2025,PROD-0020,Nova Accessorie 698,Electronics,Accessories,Falcon,605.91,34.12,Kelly-Combs,Tanzania,SP-008,Lori Castillo,johnsongeorge@rowland-wells.com,South,Kevin Thompson,07-06-2020,ST-08,Andrewport,Maryland,Central
ORD-1090,3,19-10-2024,29-10-2024,Standard Class,Cancelled,Store Credit,9,0.2,3079.08,CUST-0077,Kathleen Dixon,adamsamy@example.com,-7323,1713 Lisa Radial Suite 962,Port Stephen,West Virginia,81261,United States,Home Office,12-04-2021,PROD-0033,Voltura Accessorie 782,Electronics,Accessories,Zenith,427.65,22.44,Meza-Elliott,Mongolia,SP-007,Deborah Campbell,codylong@larsen.biz,South,Kevin Thompson,09-02-2019,ST-08,Andrewport,Maryland,Central
ORD-1091,2,16-09-2024,25-09-2024,Standard Class,Processing,Credit Card,3,0,697.62,CUST-0084,Chad Smith,hbenton@example.net,001-642-352-4105x6481,8507 Michael Glens Apt. 913,West Elizabethburgh,Delaware,97596,United States,Corporate,16-02-2023,PROD-0013,Falcon Vacuum 926,Appliances,Vacuums,Meridian,232.54,3.97,"Foster, Garcia and Turner",Burkina Faso,SP-006,Matthew Lawson,gmoore@harris-lee.net,North,Tanya Buchanan,30-11-2022,ST-08,Andrewport,Maryland,Central
ORD-1092,3,24-07-2026,28-07-2026,Second Class,Processing,PayPal,8,0.05,3000.4,CUST-0065,Kristen Rowe,powens@example.com,245-587-7175x3556,48996 Hernandez Isle,Rochaborough,Montana,30650,United States,Small Business,25-06-2022,PROD-0042,Pinecrest Accessorie 782,Electronics,Accessories,Meridian,394.79,27.92,Peterson and Sons,Uruguay,SP-003,Amber Kim,acosta@macias-bell.biz,South,Kevin Thompson,12-03-2019,ST-01,Rodriguezberg,Georgia,North
ORD-1093,3,12-11-2025,23-11-2025,First Class,Delivered,PayPal,10,0,1632.9,CUST-0037,Todd Carlson,moorekaren@example.org,+1-814-376-7976x43815,978 Williams Locks Apt. 034,Ericport,Washington,28187,United States,Small Business,02-06-2024,PROD-0025,Voltura Laptop 618,Electronics,Laptops,Pinecrest,163.29,14.03,Peterson and Sons,Uruguay,SP-007,Deborah Campbell,codylong@larsen.biz,South,Kevin Thompson,09-02-2019,ST-06,Williamsmouth,Vermont,East
ORD-1094,3,22-04-2026,27-04-2026,Second Class,Processing,Credit Card,5,0.15,4381.84,CUST-0013,Jason Bentley,christinaturner@example.net,9449369957,721 Robertson Roads,Nguyenport,Oklahoma,81668,United States,Corporate,05-04-2022,PROD-0036,Zenith Bookcase 491,Furniture,Bookcases,Nova,1031.02,8.98,"Wolfe, Sloan and Johnson",Reunion,SP-011,Crystal Brown,acardenas@mcdaniel.com,South,Kevin Thompson,10-06-2021,ST-07,North Julie,Louisiana,South
ORD-1095,3,07-02-2025,12-02-2025,Standard Class,Processing,Store Credit,7,0,5183.78,CUST-0075,Michael Flynn,lloydamanda@example.com,737-714-7859x69691,249 Emily Island Apt. 341,Priceborough,Indiana,24493,United States,Consumer,13-06-2022,PROD-0043,Meridian Desk 793,Furniture,Desks,Crestline,740.54,12.11,Guzman Inc,Malta,SP-003,Amber Kim,acosta@macias-bell.biz,South,Kevin Thompson,12-03-2019,ST-06,Williamsmouth,Vermont,East
ORD-1096,3,02-01-2026,05-01-2026,Same Day,Returned,PayPal,9,0,3553.11,CUST-0049,Steven Wallace,cochrantammy@example.com,+1-451-588-4422x58313,58957 Cheryl Corners Apt. 467,Gonzalezberg,California,69404,United States,Corporate,21-08-2022,PROD-0042,Pinecrest Accessorie 782,Electronics,Accessories,Meridian,394.79,27.92,Peterson and Sons,Uruguay,SP-013,Jay Mcneil,oharris@flowers.com,South,Kevin Thompson,18-01-2024,ST-06,Williamsmouth,Vermont,East
ORD-1097,2,15-05-2026,19-05-2026,Second Class,Shipped,Debit Card,6,0.2,3586.99,CUST-0003,Crystal Johnson,richard13@example.net,001-653-876-7242x388,3287 Katelyn Wall Apt. 226,Lake Mark,Wyoming,78673,United States,Home Office,25-11-2020,PROD-0024,Zenith Label 109,Office Supplies,Labels,Falcon,747.29,22.56,Thompson-Johnson,Azerbaijan,SP-005,Christopher Bennett,paynerachael@morgan.info,North,Tanya Buchanan,23-10-2022,ST-03,Natalieview,Missouri,South
ORD-1098,3,07-03-2025,16-03-2025,Standard Class,Processing,Store Credit,9,0.2,4676.83,CUST-0020,Michael West,davisjeffrey@example.net,749.757.8856,4431 Leslie Summit Apt. 337,Freemanbury,Vermont,36742,United States,Home Office,16-03-2024,PROD-0005,Argon Binder 880,Office Supplies,Binders,Crestline,649.56,31.17,"Wolfe, Sloan and Johnson",Reunion,SP-005,Christopher Bennett,paynerachael@morgan.info,North,Tanya Buchanan,23-10-2022,ST-02,North Annaville,Maine,Central
ORD-1099,3,18-11-2024,21-11-2024,Second Class,Cancelled,Credit Card,3,0.2,121.73,CUST-0017,Gabriel Juarez,aramirez@example.com,270-580-5310,92327 Anne Forge,North Jorge,Massachusetts,61453,United States,Small Business,30-01-2024,PROD-0039,Pinecrest Paper 282,Office Supplies,Paper,Pinecrest,50.72,23.9,Thompson PLC,Ghana,SP-007,Deborah Campbell,codylong@larsen.biz,South,Kevin Thompson,09-02-2019,ST-03,Natalieview,Missouri,South
ORD-1100,3,11-02-2026,19-02-2026,Same Day,Shipped,Store Credit,10,0,7472.9,CUST-0053,Johnny Khan,amitchell@example.org,(624)356-5060x98358,784 David Court Suite 558,East Brandy,Arkansas,48421,United States,Small Business,10-05-2024,PROD-0024,Zenith Label 109,Office Supplies,Labels,Falcon,747.29,22.56,Thompson-Johnson,Azerbaijan,SP-011,Crystal Brown,acardenas@mcdaniel.com,South,Kevin Thompson,10-06-2021,ST-04,Armstrongfort,Arizona,West
ORD-1101,3,20-05-2026,24-05-2026,Same Day,Cancelled,PayPal,6,0.15,3090.14,CUST-0031,Tracy Ballard,christopher60@example.com,-11121,859 Deborah Roads,Port Erica,Utah,61353,United States,Small Business,16-02-2025,PROD-0020,Nova Accessorie 698,Electronics,Accessories,Falcon,605.91,34.12,Kelly-Combs,Tanzania,SP-013,Jay Mcneil,oharris@flowers.com,South,Kevin Thompson,18-01-2024,ST-08,Andrewport,Maryland,Central
ORD-1102,3,12-03-2026,15-03-2026,Second Class,Processing,Credit Card,4,0.2,1368.48,CUST-0049,Steven Wallace,cochrantammy@example.com,+1-451-588-4422x58313,58957 Cheryl Corners Apt. 467,Gonzalezberg,California,69404,United States,Corporate,21-08-2022,PROD-0033,Voltura Accessorie 782,Electronics,Accessories,Zenith,427.65,22.44,Meza-Elliott,Mongolia,SP-009,John Guerrero,maypaul@mcclure-wood.info,North,Tanya Buchanan,07-11-2018,ST-07,North Julie,Louisiana,South
ORD-1103,3,10-03-2026,19-03-2026,Standard Class,Processing,Credit Card,2,0.15,1703.98,CUST-0083,Lori Mason,zhenderson@example.org,+1-788-892-4141x8328,6303 Sandy Crescent,North Sandra,Montana,59925,United States,Home Office,24-08-2023,PROD-0031,Crestline Laptop 658,Electronics,Laptops,Nova,1002.34,23.34,Thompson PLC,Ghana,SP-014,Andrea Hughes,rarnold@ellis.org,West,Tiffany Fry,09-02-2022,ST-06,Williamsmouth,Vermont,East
ORD-1104,2,13-10-2025,20-10-2025,First Class,Delivered,Bank Transfer,2,0,15.16,CUST-0021,Christopher Smith,joshuamccann@example.net,627-910-9477x7520,67190 Edward Port,Tinaborough,Maine,40325,United States,Consumer,03-01-2021,PROD-0018,Nova Table 268,Furniture,Tables,Meridian,7.58,15.68,"Yu, Banks and Thompson",Monaco,SP-008,Lori Castillo,johnsongeorge@rowland-wells.com,South,Kevin Thompson,07-06-2020,ST-03,Natalieview,Missouri,South
ORD-1105,2,26-11-2025,30-11-2025,Second Class,Delivered,PayPal,7,0,7009.31,CUST-0007,Zachary Huff,housemelinda@example.org,(977)436-0260x64746,3098 Julie Centers,South Lindseyside,Connecticut,7073,United States,Consumer,03-07-2023,PROD-0026,Pinecrest Phone 261,Electronics,Phones,Falcon,1001.33,28.17,Thompson-Johnson,Azerbaijan,SP-009,John Guerrero,maypaul@mcclure-wood.info,North,Tanya Buchanan,07-11-2018,ST-06,Williamsmouth,Vermont,East
ORD-1106,2,11-12-2025,14-12-2025,Same Day,Shipped,Bank Transfer,3,0,1505.55,CUST-0013,Jason Bentley,christinaturner@example.net,9449369957,721 Robertson Roads,Nguyenport,Oklahoma,81668,United States,Corporate,05-04-2022,PROD-0054,Meridian Chair 438,Furniture,Chairs,Falcon,501.85,8.35,Guzman Inc,Malta,SP-012,Steven Klein,davidtodd@rush.com,South,Kevin Thompson,08-06-2023,ST-06,Williamsmouth,Vermont,East
ORD-1107,1,10-01-2026,11-01-2026,Same Day,Delivered,PayPal,5,0,1546.95,CUST-0058,Jennifer Simpson DVM,nancy04@example.net,+1-515-347-8872x874,74205 Bradley Throughway Apt. 296,East Robertburgh,Arizona,56560,United States,Corporate,27-02-2023,PROD-0040,Zenith Storage 494,Office Supplies,Storage,Voltura,309.39,28.38,Guzman Inc,Malta,SP-001,Lance Mccall,daniellegarcia@taylor-mcgee.com,North,Tanya Buchanan,30-08-2020,ST-02,North Annaville,Maine,Central
ORD-1108,3,23-11-2025,27-11-2025,Same Day,Delivered,Credit Card,7,0.15,3605.16,CUST-0031,Tracy Ballard,christopher60@example.com,-11121,859 Deborah Roads,Port Erica,Utah,61353,United States,Small Business,16-02-2025,PROD-0020,Nova Accessorie 698,Electronics,Accessories,Falcon,605.91,34.12,Kelly-Combs,Tanzania,SP-002,Mark Mccarty,sean43@steele.com,East,Michael Anderson,22-04-2023,ST-01,Rodriguezberg,Georgia,North
ORD-1109,1,31-07-2026,11-08-2026,Second Class,Processing,Bank Transfer,9,0.1,410.83,CUST-0064,Tracy Grant,paulscott@example.com,+1-317-551-8304x6990,3540 Sharon Streets,Port Steven,Arkansas,15877,United States,Small Business,25-04-2024,PROD-0039,Pinecrest Paper 282,Office Supplies,Paper,Pinecrest,50.72,23.9,Thompson PLC,Ghana,SP-009,John Guerrero,maypaul@mcclure-wood.info,North,Tanya Buchanan,07-11-2018,ST-01,Rodriguezberg,Georgia,North
ORD-1110,3,06-02-2025,16-02-2025,Standard Class,Returned,PayPal,7,0,2165.73,CUST-0001,Brian Yang,garzaanthony@example.org,538.990.8386,26542 Susan Junction Apt. 161,North Judithbury,Iowa,47553,United States,Consumer,26-10-2024,PROD-0040,Zenith Storage 494,Office Supplies,Storage,Voltura,309.39,28.38,Guzman Inc,Malta,SP-006,Matthew Lawson,gmoore@harris-lee.net,North,Tanya Buchanan,30-11-2022,ST-04,Armstrongfort,Arizona,West
ORD-1111,3,02-06-2025,09-06-2025,Same Day,Processing,PayPal,8,0,9372.56,CUST-0009,Daniel Baker,nicole35@example.com,(378)449-8084,18244 Jennifer Ford Suite 874,North Stephenshire,Connecticut,7159,United States,Small Business,16-01-2021,PROD-0034,Voltura Vacuum 985,Appliances,Vacuums,Crestline,1171.57,32.45,"Yu, Banks and Thompson",Monaco,SP-009,John Guerrero,maypaul@mcclure-wood.info,North,Tanya Buchanan,07-11-2018,ST-01,Rodriguezberg,Georgia,North
ORD-1112,3,11-05-2025,17-05-2025,Standard Class,Returned,PayPal,4,0.15,1625.06,CUST-0003,Crystal Johnson,richard13@example.net,001-653-876-7242x388,3287 Katelyn Wall Apt. 226,Lake Mark,Wyoming,78673,United States,Home Office,25-11-2020,PROD-0023,Argon Storage 344,Office Supplies,Storage,Pinecrest,477.96,26.9,Meza-Elliott,Mongolia,SP-013,Jay Mcneil,oharris@flowers.com,South,Kevin Thompson,18-01-2024,ST-02,North Annaville,Maine,Central
ORD-1113,3,26-08-2024,06-09-2024,Same Day,Cancelled,Debit Card,3,0.2,331.92,CUST-0018,Traci Rodriguez,hickmanbarbara@example.com,(831)793-1491x9058,506 Garcia Lake,Garyville,Wyoming,83808,United States,Corporate,15-01-2025,PROD-0003,Pinecrest Laptop 887,Electronics,Laptops,Argon,138.3,17.45,Schroeder PLC,Tokelau,SP-006,Matthew Lawson,gmoore@harris-lee.net,North,Tanya Buchanan,30-11-2022,ST-06,Williamsmouth,Vermont,East
ORD-1114,1,31-12-2025,01-01-2026,Second Class,Delivered,PayPal,5,0,3247.8,CUST-0018,Traci Rodriguez,hickmanbarbara@example.com,(831)793-1491x9058,506 Garcia Lake,Garyville,Wyoming,83808,United States,Corporate,15-01-2025,PROD-0005,Argon Binder 880,Office Supplies,Binders,Crestline,649.56,31.17,"Wolfe, Sloan and Johnson",Reunion,SP-012,Steven Klein,davidtodd@rush.com,South,Kevin Thompson,08-06-2023,ST-08,Andrewport,Maryland,Central
ORD-1115,3,23-09-2025,28-09-2025,Second Class,Processing,PayPal,1,0.2,342.12,CUST-0040,Heather Jones,dhayes@example.com,511-799-8679x8079,207 Lisa Villages Suite 182,South Scottport,Louisiana,5631,United States,Consumer,27-10-2021,PROD-0033,Voltura Accessorie 782,Electronics,Accessories,Zenith,427.65,22.44,Meza-Elliott,Mongolia,SP-007,Deborah Campbell,codylong@larsen.biz,South,Kevin Thompson,09-02-2019,ST-08,Andrewport,Maryland,Central
ORD-1116,2,17-12-2024,22-12-2024,Same Day,Cancelled,Bank Transfer,2,0.2,941.49,CUST-0007,Zachary Huff,housemelinda@example.org,(977)436-0260x64746,3098 Julie Centers,South Lindseyside,Connecticut,7073,United States,Consumer,03-07-2023,PROD-0056,Meridian Label 651,Office Supplies,Labels,Voltura,588.43,10.99,Oconnor Group,Somalia,SP-011,Crystal Brown,acardenas@mcdaniel.com,South,Kevin Thompson,10-06-2021,ST-06,Williamsmouth,Vermont,East
ORD-1117,3,14-01-2026,26-01-2026,First Class,Delivered,Bank Transfer,8,0,5961.28,CUST-0050,Maria Cole,david89@example.org,001-626-380-1824x22535,84249 Wayne Extension Apt. 299,Morrowland,Florida,44753,United States,Consumer,17-10-2024,PROD-0022,Voltura Table 692,Furniture,Tables,Nova,745.16,16.83,Thompson PLC,Ghana,SP-003,Amber Kim,acosta@macias-bell.biz,South,Kevin Thompson,12-03-2019,ST-08,Andrewport,Maryland,Central
ORD-1118,1,10-01-2025,19-01-2025,Standard Class,Processing,PayPal,5,0,1241.5,CUST-0011,Vanessa Cochran,vjohnson@example.com,(534)221-6073x37543,5414 May Locks,Dicksonberg,Kansas,89566,United States,Consumer,27-06-2025,PROD-0028,Voltura Bookcase 834,Furniture,Bookcases,Argon,248.3,25.41,Copeland Group,Mauritius,SP-010,Dennis Hood,hernandezheather@miller.net,Central,Zachary Sanford,25-01-2021,ST-03,Natalieview,Missouri,South
ORD-1119,2,26-08-2025,29-08-2025,Standard Class,Processing,Store Credit,8,0,7968.56,CUST-0040,Heather Jones,dhayes@example.com,511-799-8679x8079,207 Lisa Villages Suite 182,South Scottport,Louisiana,5631,United States,Consumer,27-10-2021,PROD-0029,Nova Label 194,Office Supplies,Labels,Meridian,996.07,1.86,Copeland Group,Mauritius,SP-010,Dennis Hood,hernandezheather@miller.net,Central,Zachary Sanford,25-01-2021,ST-07,North Julie,Louisiana,South
ORD-1120,3,25-02-2026,27-02-2026,Second Class,Delivered,Debit Card,7,0,53.06,CUST-0056,Raymond Le,chelsea33@example.com,-5143,98665 Kelly Heights Apt. 574,Barrmouth,Ohio,98456,United States,Home Office,23-12-2022,PROD-0018,Nova Table 268,Furniture,Tables,Meridian,7.58,15.68,"Yu, Banks and Thompson",Monaco,SP-011,Crystal Brown,acardenas@mcdaniel.com,South,Kevin Thompson,10-06-2021,ST-01,Rodriguezberg,Georgia,North
ORD-1121,1,25-05-2026,26-05-2026,First Class,Processing,Bank Transfer,3,0,1681.98,CUST-0078,Kim Carlson,mariopadilla@example.com,001-448-512-6042,536 Thomas Roads,Port Jamie,Arkansas,35722,United States,Corporate,21-09-2023,PROD-0044,Voltura Accessorie 540,Electronics,Accessories,Argon,560.66,17.74,Copeland Group,Mauritius,SP-013,Jay Mcneil,oharris@flowers.com,South,Kevin Thompson,18-01-2024,ST-08,Andrewport,Maryland,Central
ORD-1122,2,05-12-2025,16-12-2025,Same Day,Delivered,Store Credit,8,0,1106.4,CUST-0073,Kimberly Little,rodriguezjohn@example.net,(529)509-6561x014,6798 Michael Burg Suite 146,Stephensstad,Vermont,11754,United States,Small Business,28-02-2021,PROD-0003,Pinecrest Laptop 887,Electronics,Laptops,Argon,138.3,17.45,Schroeder PLC,Tokelau,SP-010,Dennis Hood,hernandezheather@miller.net,Central,Zachary Sanford,25-01-2021,ST-03,Natalieview,Missouri,South
ORD-1123,1,06-08-2025,12-08-2025,Standard Class,Shipped,Bank Transfer,5,0,5857.85,CUST-0018,Traci Rodriguez,hickmanbarbara@example.com,(831)793-1491x9058,506 Garcia Lake,Garyville,Wyoming,83808,United States,Corporate,15-01-2025,PROD-0034,Voltura Vacuum 985,Appliances,Vacuums,Crestline,1171.57,32.45,"Yu, Banks and Thompson",Monaco,SP-006,Matthew Lawson,gmoore@harris-lee.net,North,Tanya Buchanan,30-11-2022,ST-07,North Julie,Louisiana,South
ORD-1124,2,11-04-2026,16-04-2026,Second Class,Returned,PayPal,5,0.15,693.98,CUST-0067,Jennifer Smith,amanda40@example.net,001-762-611-8233x984,56793 Kevin Views Apt. 016,Hopkinstown,Alabama,50211,United States,Corporate,20-06-2022,PROD-0025,Voltura Laptop 618,Electronics,Laptops,Pinecrest,163.29,14.03,Peterson and Sons,Uruguay,SP-009,John Guerrero,maypaul@mcclure-wood.info,North,Tanya Buchanan,07-11-2018,ST-02,North Annaville,Maine,Central
ORD-1125,1,07-04-2026,09-04-2026,Same Day,Shipped,Bank Transfer,3,0.2,619.03,CUST-0089,Carl Stein,david70@example.org,001-566-470-6625,7209 Deborah Parks Suite 870,North Wendyborough,Tennessee,11998,United States,Home Office,24-12-2021,PROD-0059,Pinecrest Vacuum 488,Appliances,Vacuums,Argon,257.93,13.14,Kelly-Combs,Tanzania,SP-008,Lori Castillo,johnsongeorge@rowland-wells.com,South,Kevin Thompson,07-06-2020,ST-04,Armstrongfort,Arizona,West
ORD-1126,1,03-05-2026,14-05-2026,First Class,Processing,Debit Card,6,0.15,497.71,CUST-0012,Victor Baker,carlsonmichael@example.com,(798)816-9340x60883,595 Jennifer Hills,Sheilaville,Kentucky,66970,United States,Consumer,16-02-2022,PROD-0052,Voltura Label 381,Office Supplies,Labels,Falcon,97.59,11.5,Schroeder PLC,Tokelau,SP-011,Crystal Brown,acardenas@mcdaniel.com,South,Kevin Thompson,10-06-2021,ST-06,Williamsmouth,Vermont,East
ORD-1127,1,11-12-2024,20-12-2024,Second Class,Shipped,Bank Transfer,4,0,2998.68,CUST-0090,Zachary Stephens,mayokimberly@example.com,587.259.8564x2059,78593 Craig Shoals Apt. 480,South James,North Dakota,29259,United States,Corporate,18-06-2023,PROD-0041,Meridian Phone 171,Electronics,Phones,Argon,749.67,26.57,Thompson-Johnson,Azerbaijan,SP-003,Amber Kim,acosta@macias-bell.biz,South,Kevin Thompson,12-03-2019,ST-06,Williamsmouth,Vermont,East
ORD-1128,3,11-10-2024,19-10-2024,Standard Class,Delivered,PayPal,9,0,6725.61,CUST-0004,Juan Dunlap,maldonadoamanda@example.com,001-551-446-2704x82814,88095 Smith Lake Suite 303,Carlsonmouth,North Dakota,74865,United States,Corporate,26-04-2025,PROD-0024,Zenith Label 109,Office Supplies,Labels,Falcon,747.29,22.56,Thompson-Johnson,Azerbaijan,SP-009,John Guerrero,maypaul@mcclure-wood.info,North,Tanya Buchanan,07-11-2018,ST-06,Williamsmouth,Vermont,East
ORD-1129,2,02-11-2024,11-11-2024,Standard Class,Shipped,PayPal,7,0.2,1531.32,CUST-0051,Patricia Baker,katiebutler@example.net,9783447364,76773 Lawson Island,Port Michelleland,Arizona,94658,United States,Small Business,07-03-2022,PROD-0046,Voltura Paper 788,Office Supplies,Paper,Pinecrest,273.45,8.05,Oconnor Group,Somalia,SP-012,Steven Klein,davidtodd@rush.com,South,Kevin Thompson,08-06-2023,ST-08,Andrewport,Maryland,Central
ORD-1130,1,06-02-2025,17-02-2025,Second Class,Shipped,Bank Transfer,9,0,5846.04,CUST-0083,Lori Mason,zhenderson@example.org,+1-788-892-4141x8328,6303 Sandy Crescent,North Sandra,Montana,59925,United States,Home Office,24-08-2023,PROD-0005,Argon Binder 880,Office Supplies,Binders,Crestline,649.56,31.17,"Wolfe, Sloan and Johnson",Reunion,SP-008,Lori Castillo,johnsongeorge@rowland-wells.com,South,Kevin Thompson,07-06-2020,ST-08,Andrewport,Maryland,Central
ORD-1131,2,14-03-2026,16-03-2026,Second Class,Shipped,PayPal,9,0,2321.37,CUST-0065,Kristen Rowe,powens@example.com,245-587-7175x3556,48996 Hernandez Isle,Rochaborough,Montana,30650,United States,Small Business,25-06-2022,PROD-0059,Pinecrest Vacuum 488,Appliances,Vacuums,Argon,257.93,13.14,Kelly-Combs,Tanzania,SP-014,Andrea Hughes,rarnold@ellis.org,West,Tiffany Fry,09-02-2022,ST-01,Rodriguezberg,Georgia,North
ORD-1132,3,09-02-2026,11-02-2026,First Class,Shipped,PayPal,5,0,2389.8,CUST-0029,Megan Moore,llandry@example.com,+1-664-674-3671x3695,640 Renee Summit,Stevetown,New Jersey,65608,United States,Consumer,29-09-2024,PROD-0023,Argon Storage 344,Office Supplies,Storage,Pinecrest,477.96,26.9,Meza-Elliott,Mongolia,SP-009,John Guerrero,maypaul@mcclure-wood.info,North,Tanya Buchanan,07-11-2018,ST-05,West Richard,South Carolina,East
ORD-1133,1,12-12-2024,22-12-2024,First Class,Returned,Credit Card,10,0,9636.7,CUST-0079,Diana Mayer,shawn75@example.net,5179518636,4589 Ashlee Oval Suite 001,Hayesland,Montana,82575,United States,Small Business,02-07-2024,PROD-0035,Argon Kitchen 901,Appliances,Kitchen,Meridian,963.67,34.58,"Wolfe, Sloan and Johnson",Reunion,SP-002,Mark Mccarty,sean43@steele.com,East,Michael Anderson,22-04-2023,ST-03,Natalieview,Missouri,South
ORD-1134,3,10-12-2025,21-12-2025,Same Day,Returned,Credit Card,4,0.2,3376.22,CUST-0004,Juan Dunlap,maldonadoamanda@example.com,001-551-446-2704x82814,88095 Smith Lake Suite 303,Carlsonmouth,North Dakota,74865,United States,Corporate,26-04-2025,PROD-0006,Nova Accessorie 214,Electronics,Accessories,Argon,1055.07,33.28,Smith-Hardin,Cook Islands,SP-001,Lance Mccall,daniellegarcia@taylor-mcgee.com,North,Tanya Buchanan,30-08-2020,ST-05,West Richard,South Carolina,East
ORD-1135,1,03-04-2025,14-04-2025,Same Day,Processing,Bank Transfer,5,0.05,4134.4,CUST-0064,Tracy Grant,paulscott@example.com,+1-317-551-8304x6990,3540 Sharon Streets,Port Steven,Arkansas,15877,United States,Small Business,25-04-2024,PROD-0057,Argon Kitchen 784,Appliances,Kitchen,Meridian,870.4,33.64,Guzman Inc,Malta,SP-011,Crystal Brown,acardenas@mcdaniel.com,South,Kevin Thompson,10-06-2021,ST-05,West Richard,South Carolina,East
ORD-1136,2,05-10-2024,13-10-2024,Second Class,Processing,Store Credit,7,0.05,2288.4,CUST-0010,Carlos Whitney,joycearnold@example.com,-9271,45053 Elizabeth Knoll,Calderonton,Alabama,73886,United States,Consumer,01-01-2025,PROD-0045,Crestline Table 774,Furniture,Tables,Zenith,344.12,26.59,"Foster, Garcia and Turner",Burkina Faso,SP-001,Lance Mccall,daniellegarcia@taylor-mcgee.com,North,Tanya Buchanan,30-08-2020,ST-03,Natalieview,Missouri,South
ORD-1137,1,17-04-2025,29-04-2025,First Class,Returned,Store Credit,6,0.05,495.22,CUST-0019,Tracie Nelson,umarshall@example.net,253-914-7379x965,73545 Beard Squares Suite 808,Zimmermanchester,Idaho,25543,United States,Small Business,04-01-2021,PROD-0021,Zenith Chair 971,Furniture,Chairs,Crestline,86.88,2.81,Peterson and Sons,Uruguay,SP-014,Andrea Hughes,rarnold@ellis.org,West,Tiffany Fry,09-02-2022,ST-06,Williamsmouth,Vermont,East
ORD-1138,1,27-01-2026,29-01-2026,Second Class,Delivered,Credit Card,5,0.05,412.68,CUST-0014,Angel Riggs,gibsonolivia@example.net,567.463.2016,83172 Contreras Points Suite 798,Lake Lance,Illinois,56434,United States,Corporate,25-09-2024,PROD-0021,Zenith Chair 971,Furniture,Chairs,Crestline,86.88,2.81,Peterson and Sons,Uruguay,SP-004,Sean Curtis,franciscojones@phillips.com,North,Tanya Buchanan,17-04-2024,ST-08,Andrewport,Maryland,Central
ORD-1139,2,13-03-2025,17-03-2025,First Class,Shipped,Debit Card,3,0.2,391.9,CUST-0038,Jeffrey Anderson MD,vincentwhitaker@example.com,860-860-7159,1605 Laurie River Suite 516,Keithville,Alabama,14376,United States,Consumer,19-10-2021,PROD-0025,Voltura Laptop 618,Electronics,Laptops,Pinecrest,163.29,14.03,Peterson and Sons,Uruguay,SP-014,Andrea Hughes,rarnold@ellis.org,West,Tiffany Fry,09-02-2022,ST-07,North Julie,Louisiana,South
ORD-1140,1,28-02-2026,05-03-2026,Same Day,Returned,Bank Transfer,8,0,3421.2,CUST-0064,Tracy Grant,paulscott@example.com,+1-317-551-8304x6990,3540 Sharon Streets,Port Steven,Arkansas,15877,United States,Small Business,25-04-2024,PROD-0033,Voltura Accessorie 782,Electronics,Accessories,Zenith,427.65,22.44,Meza-Elliott,Mongolia,SP-008,Lori Castillo,johnsongeorge@rowland-wells.com,South,Kevin Thompson,07-06-2020,ST-08,Andrewport,Maryland,Central
ORD-1141,2,31-03-2025,01-04-2025,Same Day,Processing,Store Credit,1,0,809.67,CUST-0031,Tracy Ballard,christopher60@example.com,-11121,859 Deborah Roads,Port Erica,Utah,61353,United States,Small Business,16-02-2025,PROD-0014,Meridian Fan 578,Appliances,Fans,Nova,809.67,39.37,Guzman Inc,Malta,SP-010,Dennis Hood,hernandezheather@miller.net,Central,Zachary Sanford,25-01-2021,ST-06,Williamsmouth,Vermont,East
ORD-1142,2,07-02-2025,10-02-2025,Same Day,Processing,Credit Card,5,0.15,2443.71,CUST-0002,Thomas Miller,maria95@example.net,610.934.1316,55341 Amanda Gardens Apt. 764,Lindsaymouth,Ohio,84387,United States,Consumer,09-01-2024,PROD-0055,Nova Heater 977,Appliances,Heaters,Meridian,574.99,37.72,"Yu, Banks and Thompson",Monaco,SP-002,Mark Mccarty,sean43@steele.com,East,Michael Anderson,22-04-2023,ST-07,North Julie,Louisiana,South
ORD-1143,1,03-03-2025,09-03-2025,Same Day,Returned,Bank Transfer,9,0,5505.12,CUST-0052,Justin Flores,cmartinez@example.org,(710)746-9632,78774 Johnson Lock,Theresaberg,Wisconsin,66750,United States,Home Office,13-11-2022,PROD-0004,Pinecrest Kitchen 612,Appliances,Kitchen,Crestline,611.68,4.35,Yu-Brooks,Western Sahara,SP-010,Dennis Hood,hernandezheather@miller.net,Central,Zachary Sanford,25-01-2021,ST-04,Armstrongfort,Arizona,West
ORD-1144,2,15-04-2026,18-04-2026,First Class,Returned,PayPal,2,0.05,14.4,CUST-0071,Mr. David Wright,mwheeler@example.com,924-706-5965,924 Morrison Square Apt. 752,East Ryanchester,Maryland,52699,United States,Consumer,04-06-2025,PROD-0018,Nova Table 268,Furniture,Tables,Meridian,7.58,15.68,"Yu, Banks and Thompson",Monaco,SP-014,Andrea Hughes,rarnold@ellis.org,West,Tiffany Fry,09-02-2022,ST-02,North Annaville,Maine,Central
ORD-1145,1,10-07-2025,19-07-2025,Second Class,Processing,Bank Transfer,1,0,232.54,CUST-0019,Tracie Nelson,umarshall@example.net,253-914-7379x965,73545 Beard Squares Suite 808,Zimmermanchester,Idaho,25543,United States,Small Business,04-01-2021,PROD-0013,Falcon Vacuum 926,Appliances,Vacuums,Meridian,232.54,3.97,"Foster, Garcia and Turner",Burkina Faso,SP-010,Dennis Hood,hernandezheather@miller.net,Central,Zachary Sanford,25-01-2021,ST-07,North Julie,Louisiana,South
ORD-1146,1,26-04-2026,02-05-2026,Same Day,Returned,PayPal,10,0,6642.6,CUST-0067,Jennifer Smith,amanda40@example.net,001-762-611-8233x984,56793 Kevin Views Apt. 016,Hopkinstown,Alabama,50211,United States,Corporate,20-06-2022,PROD-0030,Pinecrest Binder 265,Office Supplies,Binders,Falcon,664.26,17.16,Schroeder PLC,Tokelau,SP-003,Amber Kim,acosta@macias-bell.biz,South,Kevin Thompson,12-03-2019,ST-03,Natalieview,Missouri,South
ORD-1147,2,01-10-2025,13-10-2025,Standard Class,Processing,PayPal,10,0,7451.6,CUST-0076,James Lopez,angelaburns@example.org,(557)890-5072,7677 Christopher Burgs Apt. 404,New Paul,Rhode Island,29971,United States,Corporate,09-04-2023,PROD-0022,Voltura Table 692,Furniture,Tables,Nova,745.16,16.83,Thompson PLC,Ghana,SP-009,John Guerrero,maypaul@mcclure-wood.info,North,Tanya Buchanan,07-11-2018,ST-08,Andrewport,Maryland,Central
ORD-1148,2,22-06-2026,04-07-2026,First Class,Returned,Store Credit,1,0.1,289.57,CUST-0087,Angela Davis,danafoster@example.net,001-706-723-4456,3132 Eric Expressway Suite 756,Haynesstad,New Jersey,16326,United States,Small Business,06-04-2023,PROD-0008,Falcon Phone 662,Electronics,Phones,Crestline,321.74,34.91,"Wolfe, Sloan and Johnson",Reunion,SP-007,Deborah Campbell,codylong@larsen.biz,South,Kevin Thompson,09-02-2019,ST-05,West Richard,South Carolina,East
ORD-1149,3,22-09-2024,25-09-2024,Same Day,Shipped,Debit Card,9,0.15,4201.53,CUST-0030,Colleen Lee,erica21@example.net,+1-504-470-9521x4562,842 Sloan Orchard Suite 517,Kimberlybury,Rhode Island,10370,United States,Consumer,15-04-2021,PROD-0047,Falcon Laptop 725,Electronics,Laptops,Zenith,549.22,35.46,Meza-Elliott,Mongolia,SP-001,Lance Mccall,daniellegarcia@taylor-mcgee.com,North,Tanya Buchanan,30-08-2020,ST-08,Andrewport,Maryland,Central
ORD-1150,2,13-05-2026,17-05-2026,Same Day,Shipped,Bank Transfer,1,0.05,754.05,CUST-0005,Beth Keller,josephbrennan@example.com,383.546.5787,50983 Adrian Station,Lake Toddland,Wisconsin,83220,United States,Corporate,16-11-2020,PROD-0037,Voltura Fan 328,Appliances,Fans,Nova,793.74,16,Copeland Group,Mauritius,SP-012,Steven Klein,davidtodd@rush.com,South,Kevin Thompson,08-06-2023,ST-02,North Annaville,Maine,Central
ORD-1151,1,01-08-2025,13-08-2025,Second Class,Returned,PayPal,1,0.15,688.22,CUST-0089,Carl Stein,david70@example.org,001-566-470-6625,7209 Deborah Parks Suite 870,North Wendyborough,Tennessee,11998,United States,Home Office,24-12-2021,PROD-0014,Meridian Fan 578,Appliances,Fans,Nova,809.67,39.37,Guzman Inc,Malta,SP-007,Deborah Campbell,codylong@larsen.biz,South,Kevin Thompson,09-02-2019,ST-08,Andrewport,Maryland,Central
ORD-1152,3,27-04-2026,03-05-2026,First Class,Returned,PayPal,3,0.05,2856.67,CUST-0085,James Hernandez,tranrobin@example.net,+1-263-453-6541x9518,061 Cline Trail,Port Michellebury,Arizona,41224,United States,Corporate,21-03-2022,PROD-0031,Crestline Laptop 658,Electronics,Laptops,Nova,1002.34,23.34,Thompson PLC,Ghana,SP-009,John Guerrero,maypaul@mcclure-wood.info,North,Tanya Buchanan,07-11-2018,ST-07,North Julie,Louisiana,South
ORD-1153,1,07-05-2025,17-05-2025,First Class,Returned,PayPal,8,0,9122.4,CUST-0087,Angela Davis,danafoster@example.net,001-706-723-4456,3132 Eric Expressway Suite 756,Haynesstad,New Jersey,16326,United States,Small Business,06-04-2023,PROD-0050,Falcon Monitor 783,Electronics,Monitors,Argon,1140.3,35.67,"Wolfe, Sloan and Johnson",Reunion,SP-014,Andrea Hughes,rarnold@ellis.org,West,Tiffany Fry,09-02-2022,ST-05,West Richard,South Carolina,East
ORD-1154,3,07-03-2025,19-03-2025,Same Day,Processing,Bank Transfer,4,0.15,2060.09,CUST-0029,Megan Moore,llandry@example.com,+1-664-674-3671x3695,640 Renee Summit,Stevetown,New Jersey,65608,United States,Consumer,29-09-2024,PROD-0020,Nova Accessorie 698,Electronics,Accessories,Falcon,605.91,34.12,Kelly-Combs,Tanzania,SP-013,Jay Mcneil,oharris@flowers.com,South,Kevin Thompson,18-01-2024,ST-05,West Richard,South Carolina,East
ORD-1155,3,09-09-2024,14-09-2024,Same Day,Cancelled,PayPal,2,0.1,1855.84,CUST-0045,Brian Stein,chenbailey@example.net,(446)309-5396,88888 Peter Mountains Apt. 654,South Danielle,South Carolina,98453,United States,Consumer,30-08-2020,PROD-0036,Zenith Bookcase 491,Furniture,Bookcases,Nova,1031.02,8.98,"Wolfe, Sloan and Johnson",Reunion,SP-013,Jay Mcneil,oharris@flowers.com,South,Kevin Thompson,18-01-2024,ST-05,West Richard,South Carolina,East
ORD-1156,2,17-04-2026,29-04-2026,First Class,Cancelled,Debit Card,2,0,719.14,CUST-0019,Tracie Nelson,umarshall@example.net,253-914-7379x965,73545 Beard Squares Suite 808,Zimmermanchester,Idaho,25543,United States,Small Business,04-01-2021,PROD-0019,Falcon Fan 258,Appliances,Fans,Voltura,359.57,38.75,Guzman Inc,Malta,SP-001,Lance Mccall,daniellegarcia@taylor-mcgee.com,North,Tanya Buchanan,30-08-2020,ST-05,West Richard,South Carolina,East
ORD-1157,1,09-11-2024,18-11-2024,Second Class,Shipped,Credit Card,5,0,1406.8,CUST-0026,Veronica Sanchez,patrickweeks@example.net,001-921-446-5840x4499,755 Gibson Islands Apt. 396,Williamview,Nebraska,31114,United States,Corporate,11-11-2024,PROD-0053,Zenith Storage 241,Office Supplies,Storage,Crestline,281.36,27.79,Thompson-Johnson,Azerbaijan,SP-009,John Guerrero,maypaul@mcclure-wood.info,North,Tanya Buchanan,07-11-2018,ST-05,West Richard,South Carolina,East
ORD-1158,1,25-12-2024,05-01-2025,Same Day,Processing,Bank Transfer,4,0,421.28,CUST-0086,Elizabeth Dean,frichardson@example.org,001-883-620-6038x5050,83670 Jennifer Course,Smithborough,Maine,6255,United States,Home Office,10-03-2025,PROD-0058,Meridian Chair 706,Furniture,Chairs,Nova,105.32,17.2,"Yu, Banks and Thompson",Monaco,SP-009,John Guerrero,maypaul@mcclure-wood.info,North,Tanya Buchanan,07-11-2018,ST-04,Armstrongfort,Arizona,West
ORD-1159,2,27-05-2025,28-05-2025,Same Day,Cancelled,Debit Card,9,0,5045.94,CUST-0013,Jason Bentley,christinaturner@example.net,9449369957,721 Robertson Roads,Nguyenport,Oklahoma,81668,United States,Corporate,05-04-2022,PROD-0044,Voltura Accessorie 540,Electronics,Accessories,Argon,560.66,17.74,Copeland Group,Mauritius,SP-013,Jay Mcneil,oharris@flowers.com,South,Kevin Thompson,18-01-2024,ST-03,Natalieview,Missouri,South
ORD-1160,3,21-09-2025,23-09-2025,Standard Class,Shipped,Bank Transfer,10,0,868.8,CUST-0037,Todd Carlson,moorekaren@example.org,+1-814-376-7976x43815,978 Williams Locks Apt. 034,Ericport,Washington,28187,United States,Small Business,02-06-2024,PROD-0021,Zenith Chair 971,Furniture,Chairs,Crestline,86.88,2.81,Peterson and Sons,Uruguay,SP-005,Christopher Bennett,paynerachael@morgan.info,North,Tanya Buchanan,23-10-2022,ST-01,Rodriguezberg,Georgia,North
ORD-1161,2,25-05-2026,02-06-2026,Standard Class,Delivered,PayPal,3,0.15,1445.9,CUST-0023,Andrea Hall,kristin93@example.com,683-624-2102,74648 Kim Rapid Apt. 659,East Keithport,Vermont,33317,United States,Small Business,17-09-2020,PROD-0060,Meridian Fan 358,Appliances,Fans,Zenith,567.02,29.99,"Foster, Garcia and Turner",Burkina Faso,SP-001,Lance Mccall,daniellegarcia@taylor-mcgee.com,North,Tanya Buchanan,30-08-2020,ST-07,North Julie,Louisiana,South
ORD-1162,3,01-07-2025,06-07-2025,Same Day,Shipped,Store Credit,8,0.15,344.9,CUST-0073,Kimberly Little,rodriguezjohn@example.net,(529)509-6561x014,6798 Michael Burg Suite 146,Stephensstad,Vermont,11754,United States,Small Business,28-02-2021,PROD-0039,Pinecrest Paper 282,Office Supplies,Paper,Pinecrest,50.72,23.9,Thompson PLC,Ghana,SP-002,Mark Mccarty,sean43@steele.com,East,Michael Anderson,22-04-2023,ST-06,Williamsmouth,Vermont,East
ORD-1163,2,20-03-2025,26-03-2025,First Class,Shipped,Credit Card,3,0.15,19.33,CUST-0060,Rachel Fox,christian91@example.org,-3638,971 Stokes Motorway,Port John,Wisconsin,17795,United States,Consumer,24-02-2023,PROD-0018,Nova Table 268,Furniture,Tables,Meridian,7.58,15.68,"Yu, Banks and Thompson",Monaco,SP-004,Sean Curtis,franciscojones@phillips.com,North,Tanya Buchanan,17-04-2024,ST-02,North Annaville,Maine,Central
ORD-1164,3,06-01-2026,09-01-2026,Same Day,Cancelled,Store Credit,10,0.2,4342.64,CUST-0044,Jennifer Sanders,joe15@example.org,4519522047,010 Lewis Drive Suite 143,Port Shannon,Minnesota,39973,United States,Consumer,11-03-2021,PROD-0051,Crestline Heater 861,Appliances,Heaters,Falcon,542.83,30.1,"Yu, Banks and Thompson",Monaco,SP-005,Christopher Bennett,paynerachael@morgan.info,North,Tanya Buchanan,23-10-2022,ST-04,Armstrongfort,Arizona,West
ORD-1165,2,21-02-2026,24-02-2026,Second Class,Delivered,PayPal,3,0.05,3006.95,CUST-0042,Susan Davis DDS,andrew42@example.org,473-832-2141x88805,29270 Diaz Stravenue,Lake Jacqueline,West Virginia,31634,United States,Home Office,06-06-2025,PROD-0006,Nova Accessorie 214,Electronics,Accessories,Argon,1055.07,33.28,Smith-Hardin,Cook Islands,SP-007,Deborah Campbell,codylong@larsen.biz,South,Kevin Thompson,09-02-2019,ST-02,North Annaville,Maine,Central
ORD-1166,3,23-07-2025,29-07-2025,Standard Class,Processing,PayPal,5,0.1,1365.84,CUST-0050,Maria Cole,david89@example.org,001-626-380-1824x22535,84249 Wayne Extension Apt. 299,Morrowland,Florida,44753,United States,Consumer,17-10-2024,PROD-0016,Crestline Vacuum 385,Appliances,Vacuums,Falcon,303.52,36.94,Guzman Inc,Malta,SP-008,Lori Castillo,johnsongeorge@rowland-wells.com,South,Kevin Thompson,07-06-2020,ST-05,West Richard,South Carolina,East
ORD-1167,2,05-11-2025,13-11-2025,First Class,Delivered,PayPal,5,0,1517.6,CUST-0089,Carl Stein,david70@example.org,001-566-470-6625,7209 Deborah Parks Suite 870,North Wendyborough,Tennessee,11998,United States,Home Office,24-12-2021,PROD-0016,Crestline Vacuum 385,Appliances,Vacuums,Falcon,303.52,36.94,Guzman Inc,Malta,SP-001,Lance Mccall,daniellegarcia@taylor-mcgee.com,North,Tanya Buchanan,30-08-2020,ST-02,North Annaville,Maine,Central
ORD-1168,2,08-12-2024,11-12-2024,First Class,Cancelled,Store Credit,8,0,2475.12,CUST-0048,Holly Reyes,jacobserika@example.com,(271)492-8565x431,681 Hampton Squares Suite 394,Johnsonland,Kansas,91462,United States,Consumer,01-03-2025,PROD-0040,Zenith Storage 494,Office Supplies,Storage,Voltura,309.39,28.38,Guzman Inc,Malta,SP-004,Sean Curtis,franciscojones@phillips.com,North,Tanya Buchanan,17-04-2024,ST-04,Armstrongfort,Arizona,West
ORD-1169,1,07-11-2025,11-11-2025,Same Day,Returned,PayPal,10,0.2,520.08,CUST-0061,Elizabeth Johnson,lisa39@example.org,6658180170,65676 Miller Shore,Elliottside,New Jersey,71188,United States,Corporate,31-03-2021,PROD-0049,Crestline Monitor 923,Electronics,Monitors,Falcon,65.01,10.04,Meza-Elliott,Mongolia,SP-009,John Guerrero,maypaul@mcclure-wood.info,North,Tanya Buchanan,07-11-2018,ST-04,Armstrongfort,Arizona,West
ORD-1170,1,04-08-2024,05-08-2024,Second Class,Shipped,PayPal,9,0.1,2089.23,CUST-0010,Carlos Whitney,joycearnold@example.com,-9271,45053 Elizabeth Knoll,Calderonton,Alabama,73886,United States,Consumer,01-01-2025,PROD-0059,Pinecrest Vacuum 488,Appliances,Vacuums,Argon,257.93,13.14,Kelly-Combs,Tanzania,SP-010,Dennis Hood,hernandezheather@miller.net,Central,Zachary Sanford,25-01-2021,ST-02,North Annaville,Maine,Central
ORD-1171,1,16-02-2025,28-02-2025,Same Day,Delivered,Bank Transfer,10,0.05,9462.67,CUST-0067,Jennifer Smith,amanda40@example.net,001-762-611-8233x984,56793 Kevin Views Apt. 016,Hopkinstown,Alabama,50211,United States,Corporate,20-06-2022,PROD-0029,Nova Label 194,Office Supplies,Labels,Meridian,996.07,1.86,Copeland Group,Mauritius,SP-002,Mark Mccarty,sean43@steele.com,East,Michael Anderson,22-04-2023,ST-04,Armstrongfort,Arizona,West
ORD-1172,2,08-02-2026,18-02-2026,First Class,Delivered,Bank Transfer,1,0.1,384.88,CUST-0017,Gabriel Juarez,aramirez@example.com,270-580-5310,92327 Anne Forge,North Jorge,Massachusetts,61453,United States,Small Business,30-01-2024,PROD-0033,Voltura Accessorie 782,Electronics,Accessories,Zenith,427.65,22.44,Meza-Elliott,Mongolia,SP-007,Deborah Campbell,codylong@larsen.biz,South,Kevin Thompson,09-02-2019,ST-08,Andrewport,Maryland,Central
ORD-1173,2,02-12-2024,12-12-2024,First Class,Delivered,Store Credit,2,0,562.72,CUST-0033,Daniel Fowler,williamsmatthew@example.org,001-431-283-9335,28421 David Knolls Apt. 950,Jamesville,New Jersey,23339,United States,Home Office,28-11-2021,PROD-0053,Zenith Storage 241,Office Supplies,Storage,Crestline,281.36,27.79,Thompson-Johnson,Azerbaijan,SP-001,Lance Mccall,daniellegarcia@taylor-mcgee.com,North,Tanya Buchanan,30-08-2020,ST-04,Armstrongfort,Arizona,West
ORD-1174,1,10-02-2026,11-02-2026,Second Class,Cancelled,PayPal,5,0.05,2693.34,CUST-0008,Andrea Jones,richarddavid@example.net,799.609.1699,534 Anderson Rue,North Susan,Colorado,39822,United States,Consumer,13-11-2022,PROD-0060,Meridian Fan 358,Appliances,Fans,Zenith,567.02,29.99,"Foster, Garcia and Turner",Burkina Faso,SP-002,Mark Mccarty,sean43@steele.com,East,Michael Anderson,22-04-2023,ST-08,Andrewport,Maryland,Central
ORD-1175,3,24-07-2025,31-07-2025,Second Class,Processing,Credit Card,2,0.15,1693.32,CUST-0049,Steven Wallace,cochrantammy@example.com,+1-451-588-4422x58313,58957 Cheryl Corners Apt. 467,Gonzalezberg,California,69404,United States,Corporate,21-08-2022,PROD-0029,Nova Label 194,Office Supplies,Labels,Meridian,996.07,1.86,Copeland Group,Mauritius,SP-014,Andrea Hughes,rarnold@ellis.org,West,Tiffany Fry,09-02-2022,ST-07,North Julie,Louisiana,South
ORD-1176,1,10-02-2026,22-02-2026,Standard Class,Processing,Bank Transfer,4,0.2,3083.74,CUST-0023,Andrea Hall,kristin93@example.com,683-624-2102,74648 Kim Rapid Apt. 659,East Keithport,Vermont,33317,United States,Small Business,17-09-2020,PROD-0035,Argon Kitchen 901,Appliances,Kitchen,Meridian,963.67,34.58,"Wolfe, Sloan and Johnson",Reunion,SP-007,Deborah Campbell,codylong@larsen.biz,South,Kevin Thompson,09-02-2019,ST-03,Natalieview,Missouri,South
ORD-1177,1,04-10-2024,13-10-2024,Second Class,Cancelled,PayPal,7,0.2,3075.63,CUST-0087,Angela Davis,danafoster@example.net,001-706-723-4456,3132 Eric Expressway Suite 756,Haynesstad,New Jersey,16326,United States,Small Business,06-04-2023,PROD-0047,Falcon Laptop 725,Electronics,Laptops,Zenith,549.22,35.46,Meza-Elliott,Mongolia,SP-009,John Guerrero,maypaul@mcclure-wood.info,North,Tanya Buchanan,07-11-2018,ST-07,North Julie,Louisiana,South
ORD-1178,1,24-10-2025,25-10-2025,Second Class,Shipped,Credit Card,7,0.1,47.75,CUST-0020,Michael West,davisjeffrey@example.net,749.757.8856,4431 Leslie Summit Apt. 337,Freemanbury,Vermont,36742,United States,Home Office,16-03-2024,PROD-0018,Nova Table 268,Furniture,Tables,Meridian,7.58,15.68,"Yu, Banks and Thompson",Monaco,SP-004,Sean Curtis,franciscojones@phillips.com,North,Tanya Buchanan,17-04-2024,ST-02,North Annaville,Maine,Central
ORD-1179,3,07-11-2025,17-11-2025,Standard Class,Cancelled,Bank Transfer,1,0,50.72,CUST-0013,Jason Bentley,christinaturner@example.net,9449369957,721 Robertson Roads,Nguyenport,Oklahoma,81668,United States,Corporate,05-04-2022,PROD-0039,Pinecrest Paper 282,Office Supplies,Paper,Pinecrest,50.72,23.9,Thompson PLC,Ghana,SP-001,Lance Mccall,daniellegarcia@taylor-mcgee.com,North,Tanya Buchanan,30-08-2020,ST-08,Andrewport,Maryland,Central
ORD-1180,1,22-05-2025,25-05-2025,First Class,Returned,Store Credit,9,0,8673.03,CUST-0030,Colleen Lee,erica21@example.net,+1-504-470-9521x4562,842 Sloan Orchard Suite 517,Kimberlybury,Rhode Island,10370,United States,Consumer,15-04-2021,PROD-0035,Argon Kitchen 901,Appliances,Kitchen,Meridian,963.67,34.58,"Wolfe, Sloan and Johnson",Reunion,SP-004,Sean Curtis,franciscojones@phillips.com,North,Tanya Buchanan,17-04-2024,ST-01,Rodriguezberg,Georgia,North
ORD-1181,3,07-07-2026,12-07-2026,Second Class,Cancelled,PayPal,3,0.15,717.47,CUST-0087,Angela Davis,danafoster@example.net,001-706-723-4456,3132 Eric Expressway Suite 756,Haynesstad,New Jersey,16326,United States,Small Business,06-04-2023,PROD-0053,Zenith Storage 241,Office Supplies,Storage,Crestline,281.36,27.79,Thompson-Johnson,Azerbaijan,SP-006,Matthew Lawson,gmoore@harris-lee.net,North,Tanya Buchanan,30-11-2022,ST-04,Armstrongfort,Arizona,West
ORD-1182,2,08-05-2025,19-05-2025,Standard Class,Processing,Bank Transfer,7,0.1,3853.58,CUST-0036,Dr. Gregory Hawkins,farmeraudrey@example.com,-10780,0229 Jones Streets Apt. 183,New Williamberg,Texas,49809,United States,Consumer,06-09-2022,PROD-0004,Pinecrest Kitchen 612,Appliances,Kitchen,Crestline,611.68,4.35,Yu-Brooks,Western Sahara,SP-009,John Guerrero,maypaul@mcclure-wood.info,North,Tanya Buchanan,07-11-2018,ST-03,Natalieview,Missouri,South
ORD-1183,2,28-08-2024,04-09-2024,Second Class,Returned,Bank Transfer,3,0,260.64,CUST-0068,Jonathan Hamilton,ariel18@example.org,239.474.0148,39261 Martin Garden Suite 856,Browntown,Vermont,99540,United States,Home Office,12-04-2024,PROD-0021,Zenith Chair 971,Furniture,Chairs,Crestline,86.88,2.81,Peterson and Sons,Uruguay,SP-012,Steven Klein,davidtodd@rush.com,South,Kevin Thompson,08-06-2023,ST-07,North Julie,Louisiana,South
ORD-1184,2,24-12-2024,05-01-2025,Standard Class,Returned,Bank Transfer,3,0.2,1379.98,CUST-0031,Tracy Ballard,christopher60@example.com,-11121,859 Deborah Roads,Port Erica,Utah,61353,United States,Small Business,16-02-2025,PROD-0055,Nova Heater 977,Appliances,Heaters,Meridian,574.99,37.72,"Yu, Banks and Thompson",Monaco,SP-004,Sean Curtis,franciscojones@phillips.com,North,Tanya Buchanan,17-04-2024,ST-05,West Richard,South Carolina,East
ORD-1185,1,30-04-2025,07-05-2025,First Class,Delivered,Bank Transfer,4,0,4124.08,CUST-0054,Andrew Reeves,jstone@example.net,925.695.2694x95888,55169 Robles Stream Apt. 974,New William,North Carolina,86430,United States,Home Office,30-06-2024,PROD-0036,Zenith Bookcase 491,Furniture,Bookcases,Nova,1031.02,8.98,"Wolfe, Sloan and Johnson",Reunion,SP-009,John Guerrero,maypaul@mcclure-wood.info,North,Tanya Buchanan,07-11-2018,ST-03,Natalieview,Missouri,South
ORD-1186,3,11-08-2024,12-08-2024,Standard Class,Delivered,Debit Card,5,0.05,5011.58,CUST-0048,Holly Reyes,jacobserika@example.com,(271)492-8565x431,681 Hampton Squares Suite 394,Johnsonland,Kansas,91462,United States,Consumer,01-03-2025,PROD-0006,Nova Accessorie 214,Electronics,Accessories,Argon,1055.07,33.28,Smith-Hardin,Cook Islands,SP-009,John Guerrero,maypaul@mcclure-wood.info,North,Tanya Buchanan,07-11-2018,ST-04,Armstrongfort,Arizona,West
ORD-1187,2,24-03-2025,01-04-2025,First Class,Delivered,Debit Card,4,0.2,1757.5,CUST-0076,James Lopez,angelaburns@example.org,(557)890-5072,7677 Christopher Burgs Apt. 404,New Paul,Rhode Island,29971,United States,Corporate,09-04-2023,PROD-0047,Falcon Laptop 725,Electronics,Laptops,Zenith,549.22,35.46,Meza-Elliott,Mongolia,SP-011,Crystal Brown,acardenas@mcdaniel.com,South,Kevin Thompson,10-06-2021,ST-04,Armstrongfort,Arizona,West
ORD-1188,1,02-04-2026,06-04-2026,Same Day,Shipped,Store Credit,10,0.15,6706.41,CUST-0025,Joseph Dean,wgarrett@example.org,548.424.7710,086 Jeffrey Ville Apt. 712,Lake Mollymouth,Nebraska,65824,United States,Home Office,31-03-2025,PROD-0048,Meridian Table 349,Furniture,Tables,Crestline,788.99,0.32,Smith-Hardin,Cook Islands,SP-002,Mark Mccarty,sean43@steele.com,East,Michael Anderson,22-04-2023,ST-08,Andrewport,Maryland,Central
ORD-1189,2,18-12-2024,26-12-2024,First Class,Processing,PayPal,9,0.15,8723.29,CUST-0042,Susan Davis DDS,andrew42@example.org,473-832-2141x88805,29270 Diaz Stravenue,Lake Jacqueline,West Virginia,31634,United States,Home Office,06-06-2025,PROD-0050,Falcon Monitor 783,Electronics,Monitors,Argon,1140.3,35.67,"Wolfe, Sloan and Johnson",Reunion,SP-005,Christopher Bennett,paynerachael@morgan.info,North,Tanya Buchanan,23-10-2022,ST-07,North Julie,Louisiana,South
ORD-1190,2,08-12-2025,10-12-2025,Second Class,Processing,PayPal,8,0.2,5570.56,CUST-0066,Phillip Burns,umurray@example.com,(328)272-8080,2312 Jeffery Motorway,South Andrea,Utah,49417,United States,Home Office,19-11-2020,PROD-0057,Argon Kitchen 784,Appliances,Kitchen,Meridian,870.4,33.64,Guzman Inc,Malta,SP-008,Lori Castillo,johnsongeorge@rowland-wells.com,South,Kevin Thompson,07-06-2020,ST-08,Andrewport,Maryland,Central
ORD-1191,2,02-11-2025,14-11-2025,Same Day,Processing,Debit Card,3,0,414.9,CUST-0053,Johnny Khan,amitchell@example.org,(624)356-5060x98358,784 David Court Suite 558,East Brandy,Arkansas,48421,United States,Small Business,10-05-2024,PROD-0003,Pinecrest Laptop 887,Electronics,Laptops,Argon,138.3,17.45,Schroeder PLC,Tokelau,SP-010,Dennis Hood,hernandezheather@miller.net,Central,Zachary Sanford,25-01-2021,ST-04,Armstrongfort,Arizona,West
ORD-1192,3,29-01-2025,08-02-2025,First Class,Processing,Bank Transfer,4,0.05,2831.61,CUST-0026,Veronica Sanchez,patrickweeks@example.net,001-921-446-5840x4499,755 Gibson Islands Apt. 396,Williamview,Nebraska,31114,United States,Corporate,11-11-2024,PROD-0022,Voltura Table 692,Furniture,Tables,Nova,745.16,16.83,Thompson PLC,Ghana,SP-004,Sean Curtis,franciscojones@phillips.com,North,Tanya Buchanan,17-04-2024,ST-07,North Julie,Louisiana,South
ORD-1193,1,20-12-2025,23-12-2025,Same Day,Shipped,Store Credit,6,0,4733.94,CUST-0083,Lori Mason,zhenderson@example.org,+1-788-892-4141x8328,6303 Sandy Crescent,North Sandra,Montana,59925,United States,Home Office,24-08-2023,PROD-0048,Meridian Table 349,Furniture,Tables,Crestline,788.99,0.32,Smith-Hardin,Cook Islands,SP-008,Lori Castillo,johnsongeorge@rowland-wells.com,South,Kevin Thompson,07-06-2020,ST-08,Andrewport,Maryland,Central
ORD-1194,1,09-04-2025,11-04-2025,Same Day,Shipped,Debit Card,1,0.2,489.34,CUST-0083,Lori Mason,zhenderson@example.org,+1-788-892-4141x8328,6303 Sandy Crescent,North Sandra,Montana,59925,United States,Home Office,24-08-2023,PROD-0004,Pinecrest Kitchen 612,Appliances,Kitchen,Crestline,611.68,4.35,Yu-Brooks,Western Sahara,SP-009,John Guerrero,maypaul@mcclure-wood.info,North,Tanya Buchanan,07-11-2018,ST-01,Rodriguezberg,Georgia,North
ORD-1195,2,03-11-2024,07-11-2024,Standard Class,Returned,Store Credit,9,0.05,2338,CUST-0009,Daniel Baker,nicole35@example.com,(378)449-8084,18244 Jennifer Ford Suite 874,North Stephenshire,Connecticut,7159,United States,Small Business,16-01-2021,PROD-0046,Voltura Paper 788,Office Supplies,Paper,Pinecrest,273.45,8.05,Oconnor Group,Somalia,SP-003,Amber Kim,acosta@macias-bell.biz,South,Kevin Thompson,12-03-2019,ST-01,Rodriguezberg,Georgia,North
ORD-1196,2,08-05-2025,09-05-2025,Standard Class,Delivered,Store Credit,9,0.1,5998.37,CUST-0062,Monica Walker,avilatiffany@example.com,+1-886-286-3375x24310,11907 John Cape,Davidside,Montana,53226,United States,Corporate,11-10-2022,PROD-0043,Meridian Desk 793,Furniture,Desks,Crestline,740.54,12.11,Guzman Inc,Malta,SP-008,Lori Castillo,johnsongeorge@rowland-wells.com,South,Kevin Thompson,07-06-2020,ST-01,Rodriguezberg,Georgia,North
ORD-1197,1,05-10-2025,14-10-2025,Standard Class,Delivered,Store Credit,7,0.2,5396.55,CUST-0036,Dr. Gregory Hawkins,farmeraudrey@example.com,-10780,0229 Jones Streets Apt. 183,New Williamberg,Texas,49809,United States,Consumer,06-09-2022,PROD-0035,Argon Kitchen 901,Appliances,Kitchen,Meridian,963.67,34.58,"Wolfe, Sloan and Johnson",Reunion,SP-005,Christopher Bennett,paynerachael@morgan.info,North,Tanya Buchanan,23-10-2022,ST-01,Rodriguezberg,Georgia,North
ORD-1198,2,01-12-2024,07-12-2024,Standard Class,Processing,Bank Transfer,5,0.2,1214.08,CUST-0020,Michael West,davisjeffrey@example.net,749.757.8856,4431 Leslie Summit Apt. 337,Freemanbury,Vermont,36742,United States,Home Office,16-03-2024,PROD-0016,Crestline Vacuum 385,Appliances,Vacuums,Falcon,303.52,36.94,Guzman Inc,Malta,SP-004,Sean Curtis,franciscojones@phillips.com,North,Tanya Buchanan,17-04-2024,ST-05,West Richard,South Carolina,East
ORD-1199,3,26-03-2026,31-03-2026,Standard Class,Delivered,Bank Transfer,2,0.15,1349.36,CUST-0059,Timothy Smith,wyoung@example.com,649-390-4530x17426,9332 Hernandez Summit Suite 687,South Elizabethburgh,Florida,99768,United States,Home Office,09-04-2023,PROD-0037,Voltura Fan 328,Appliances,Fans,Nova,793.74,16,Copeland Group,Mauritius,SP-004,Sean Curtis,franciscojones@phillips.com,North,Tanya Buchanan,17-04-2024,ST-04,Armstrongfort,Arizona,West
ORD-1200,1,06-03-2025,07-03-2025,Standard Class,Cancelled,Bank Transfer,1,0.15,138.8,CUST-0049,Steven Wallace,cochrantammy@example.com,+1-451-588-4422x58313,58957 Cheryl Corners Apt. 467,Gonzalezberg,California,69404,United States,Corporate,21-08-2022,PROD-0025,Voltura Laptop 618,Electronics,Laptops,Pinecrest,163.29,14.03,Peterson and Sons,Uruguay,SP-009,John Guerrero,maypaul@mcclure-wood.info,North,Tanya Buchanan,07-11-2018,ST-08,Andrewport,Maryland,Central
ORD-1201,1,01-03-2025,10-03-2025,Same Day,Processing,Credit Card,1,0,542.83,CUST-0083,Lori Mason,zhenderson@example.org,+1-788-892-4141x8328,6303 Sandy Crescent,North Sandra,Montana,59925,United States,Home Office,24-08-2023,PROD-0051,Crestline Heater 861,Appliances,Heaters,Falcon,542.83,30.1,"Yu, Banks and Thompson",Monaco,SP-006,Matthew Lawson,gmoore@harris-lee.net,North,Tanya Buchanan,30-11-2022,ST-02,North Annaville,Maine,Central
ORD-1202,1,15-01-2026,18-01-2026,Second Class,Cancelled,Credit Card,6,0,3363.96,CUST-0010,Carlos Whitney,joycearnold@example.com,-9271,45053 Elizabeth Knoll,Calderonton,Alabama,73886,United States,Consumer,01-01-2025,PROD-0044,Voltura Accessorie 540,Electronics,Accessories,Argon,560.66,17.74,Copeland Group,Mauritius,SP-005,Christopher Bennett,paynerachael@morgan.info,North,Tanya Buchanan,23-10-2022,ST-01,Rodriguezberg,Georgia,North
ORD-1203,3,10-10-2025,20-10-2025,First Class,Cancelled,Debit Card,7,0.15,1657.61,CUST-0039,Connie Maxwell,dixondaniel@example.net,455.423.1243,77997 Lin Road,Warrenfurt,Maryland,41937,United States,Small Business,03-05-2021,PROD-0011,Zenith Desk 824,Furniture,Desks,Nova,278.59,36.23,Kelly-Combs,Tanzania,SP-010,Dennis Hood,hernandezheather@miller.net,Central,Zachary Sanford,25-01-2021,ST-04,Armstrongfort,Arizona,West
ORD-1204,1,04-04-2025,05-04-2025,Standard Class,Processing,Store Credit,2,0.05,1043.52,CUST-0089,Carl Stein,david70@example.org,001-566-470-6625,7209 Deborah Parks Suite 870,North Wendyborough,Tennessee,11998,United States,Home Office,24-12-2021,PROD-0047,Falcon Laptop 725,Electronics,Laptops,Zenith,549.22,35.46,Meza-Elliott,Mongolia,SP-002,Mark Mccarty,sean43@steele.com,East,Michael Anderson,22-04-2023,ST-06,Williamsmouth,Vermont,East
ORD-1205,2,12-05-2026,13-05-2026,Same Day,Shipped,PayPal,5,0.2,202.88,CUST-0079,Diana Mayer,shawn75@example.net,5179518636,4589 Ashlee Oval Suite 001,Hayesland,Montana,82575,United States,Small Business,02-07-2024,PROD-0039,Pinecrest Paper 282,Office Supplies,Paper,Pinecrest,50.72,23.9,Thompson PLC,Ghana,SP-007,Deborah Campbell,codylong@larsen.biz,South,Kevin Thompson,09-02-2019,ST-06,Williamsmouth,Vermont,East
ORD-1206,2,29-07-2026,09-08-2026,Standard Class,Returned,PayPal,10,0.15,1387.96,CUST-0071,Mr. David Wright,mwheeler@example.com,924-706-5965,924 Morrison Square Apt. 752,East Ryanchester,Maryland,52699,United States,Consumer,04-06-2025,PROD-0025,Voltura Laptop 618,Electronics,Laptops,Pinecrest,163.29,14.03,Peterson and Sons,Uruguay,SP-007,Deborah Campbell,codylong@larsen.biz,South,Kevin Thompson,09-02-2019,ST-03,Natalieview,Missouri,South
ORD-1207,3,08-04-2025,13-04-2025,Second Class,Cancelled,PayPal,3,0.05,779.33,CUST-0032,Andrew Ferrell,davispaige@example.org,(275)786-9261x7964,7351 Stephens Rue,Debraville,Florida,47513,United States,Consumer,19-11-2020,PROD-0046,Voltura Paper 788,Office Supplies,Paper,Pinecrest,273.45,8.05,Oconnor Group,Somalia,SP-002,Mark Mccarty,sean43@steele.com,East,Michael Anderson,22-04-2023,ST-02,North Annaville,Maine,Central
ORD-1208,2,21-05-2026,26-05-2026,Standard Class,Shipped,Credit Card,8,0,858.88,CUST-0047,Bradley Coleman,lmorrison@example.net,951-215-4479x6275,640 Emily Lodge Suite 820,Holtstad,North Dakota,19215,United States,Home Office,28-10-2024,PROD-0007,Voltura Binder 999,Office Supplies,Binders,Zenith,107.36,19.49,Kelly-Combs,Tanzania,SP-002,Mark Mccarty,sean43@steele.com,East,Michael Anderson,22-04-2023,ST-01,Rodriguezberg,Georgia,North
ORD-1209,2,20-04-2025,22-04-2025,Standard Class,Returned,Store Credit,1,0,248.3,CUST-0024,Alicia Hubbard,barbara27@example.net,+1-374-429-6717x5655,7468 Shawn Island Suite 516,Lake Mary,Oregon,67950,United States,Home Office,15-09-2024,PROD-0028,Voltura Bookcase 834,Furniture,Bookcases,Argon,248.3,25.41,Copeland Group,Mauritius,SP-008,Lori Castillo,johnsongeorge@rowland-wells.com,South,Kevin Thompson,07-06-2020,ST-07,North Julie,Louisiana,South
ORD-1210,1,16-12-2024,21-12-2024,Second Class,Returned,Store Credit,7,0.05,3913.06,CUST-0042,Susan Davis DDS,andrew42@example.org,473-832-2141x88805,29270 Diaz Stravenue,Lake Jacqueline,West Virginia,31634,United States,Home Office,06-06-2025,PROD-0056,Meridian Label 651,Office Supplies,Labels,Voltura,588.43,10.99,Oconnor Group,Somalia,SP-007,Deborah Campbell,codylong@larsen.biz,South,Kevin Thompson,09-02-2019,ST-01,Rodriguezberg,Georgia,North
ORD-1211,2,25-06-2026,28-06-2026,Same Day,Shipped,Credit Card,5,0,2803.3,CUST-0022,Rachel Perez,chayes@example.com,001-564-699-0913,32812 Ricky Spurs,North Angela,Nebraska,78333,United States,Corporate,07-12-2022,PROD-0044,Voltura Accessorie 540,Electronics,Accessories,Argon,560.66,17.74,Copeland Group,Mauritius,SP-007,Deborah Campbell,codylong@larsen.biz,South,Kevin Thompson,09-02-2019,ST-03,Natalieview,Missouri,South
ORD-1212,1,03-06-2026,08-06-2026,First Class,Processing,Debit Card,8,0.2,1589.12,CUST-0022,Rachel Perez,chayes@example.com,001-564-699-0913,32812 Ricky Spurs,North Angela,Nebraska,78333,United States,Corporate,07-12-2022,PROD-0028,Voltura Bookcase 834,Furniture,Bookcases,Argon,248.3,25.41,Copeland Group,Mauritius,SP-005,Christopher Bennett,paynerachael@morgan.info,North,Tanya Buchanan,23-10-2022,ST-07,North Julie,Louisiana,South
ORD-1213,2,22-05-2025,30-05-2025,Standard Class,Cancelled,PayPal,2,0,2158.56,CUST-0081,Jennifer Anderson MD,zdavis@example.org,255-442-6221,3269 Heath Corners Apt. 219,Smithmouth,Delaware,96184,United States,Small Business,03-07-2022,PROD-0032,Nova Table 415,Furniture,Tables,Argon,1079.28,31.87,"Wolfe, Sloan and Johnson",Reunion,SP-010,Dennis Hood,hernandezheather@miller.net,Central,Zachary Sanford,25-01-2021,ST-04,Armstrongfort,Arizona,West
ORD-1214,3,14-01-2025,22-01-2025,Second Class,Processing,PayPal,6,0.05,930.75,CUST-0080,William Patterson,nicoleturner@example.com,554-815-2064,103 Miller Ramp,Smithburgh,New Hampshire,30148,United States,Small Business,07-03-2023,PROD-0025,Voltura Laptop 618,Electronics,Laptops,Pinecrest,163.29,14.03,Peterson and Sons,Uruguay,SP-013,Jay Mcneil,oharris@flowers.com,South,Kevin Thompson,18-01-2024,ST-06,Williamsmouth,Vermont,East
ORD-1215,2,14-01-2026,20-01-2026,First Class,Cancelled,Store Credit,3,0.05,980.74,CUST-0078,Kim Carlson,mariopadilla@example.com,001-448-512-6042,536 Thomas Roads,Port Jamie,Arkansas,35722,United States,Corporate,21-09-2023,PROD-0045,Crestline Table 774,Furniture,Tables,Zenith,344.12,26.59,"Foster, Garcia and Turner",Burkina Faso,SP-004,Sean Curtis,franciscojones@phillips.com,North,Tanya Buchanan,17-04-2024,ST-08,Andrewport,Maryland,Central
ORD-1216,3,04-11-2024,11-11-2024,Second Class,Returned,Store Credit,6,0,521.28,CUST-0032,Andrew Ferrell,davispaige@example.org,(275)786-9261x7964,7351 Stephens Rue,Debraville,Florida,47513,United States,Consumer,19-11-2020,PROD-0021,Zenith Chair 971,Furniture,Chairs,Crestline,86.88,2.81,Peterson and Sons,Uruguay,SP-007,Deborah Campbell,codylong@larsen.biz,South,Kevin Thompson,09-02-2019,ST-05,West Richard,South Carolina,East
ORD-1217,1,19-01-2026,31-01-2026,Same Day,Processing,Credit Card,8,0.15,3812.49,CUST-0024,Alicia Hubbard,barbara27@example.net,+1-374-429-6717x5655,7468 Shawn Island Suite 516,Lake Mary,Oregon,67950,United States,Home Office,15-09-2024,PROD-0044,Voltura Accessorie 540,Electronics,Accessories,Argon,560.66,17.74,Copeland Group,Mauritius,SP-013,Jay Mcneil,oharris@flowers.com,South,Kevin Thompson,18-01-2024,ST-01,Rodriguezberg,Georgia,North
ORD-1218,2,06-10-2025,17-10-2025,Second Class,Cancelled,Bank Transfer,5,0,2803.3,CUST-0053,Johnny Khan,amitchell@example.org,(624)356-5060x98358,784 David Court Suite 558,East Brandy,Arkansas,48421,United States,Small Business,10-05-2024,PROD-0044,Voltura Accessorie 540,Electronics,Accessories,Argon,560.66,17.74,Copeland Group,Mauritius,SP-008,Lori Castillo,johnsongeorge@rowland-wells.com,South,Kevin Thompson,07-06-2020,ST-03,Natalieview,Missouri,South
ORD-1219,3,02-12-2024,12-12-2024,Same Day,Returned,Credit Card,7,0.1,6275.24,CUST-0010,Carlos Whitney,joycearnold@example.com,-9271,45053 Elizabeth Knoll,Calderonton,Alabama,73886,United States,Consumer,01-01-2025,PROD-0029,Nova Label 194,Office Supplies,Labels,Meridian,996.07,1.86,Copeland Group,Mauritius,SP-010,Dennis Hood,hernandezheather@miller.net,Central,Zachary Sanford,25-01-2021,ST-08,Andrewport,Maryland,Central
ORD-1220,3,25-04-2025,27-04-2025,First Class,Shipped,Store Credit,4,0.15,1170.01,CUST-0047,Bradley Coleman,lmorrison@example.net,951-215-4479x6275,640 Emily Lodge Suite 820,Holtstad,North Dakota,19215,United States,Home Office,28-10-2024,PROD-0045,Crestline Table 774,Furniture,Tables,Zenith,344.12,26.59,"Foster, Garcia and Turner",Burkina Faso,SP-013,Jay Mcneil,oharris@flowers.com,South,Kevin Thompson,18-01-2024,ST-02,North Annaville,Maine,Central
ORD-1221,1,19-11-2025,25-11-2025,Standard Class,Processing,Debit Card,7,0,5556.18,CUST-0006,Michael Lewis,jenniferkhan@example.net,337.263.1165x6670,513 James Mission Apt. 624,North Micheleland,North Carolina,61138,United States,Corporate,31-10-2021,PROD-0037,Voltura Fan 328,Appliances,Fans,Nova,793.74,16,Copeland Group,Mauritius,SP-011,Crystal Brown,acardenas@mcdaniel.com,South,Kevin Thompson,10-06-2021,ST-07,North Julie,Louisiana,South
ORD-1222,2,28-08-2024,05-09-2024,Second Class,Processing,Credit Card,6,0.05,4497.24,CUST-0066,Phillip Burns,umurray@example.com,(328)272-8080,2312 Jeffery Motorway,South Andrea,Utah,49417,United States,Home Office,19-11-2020,PROD-0048,Meridian Table 349,Furniture,Tables,Crestline,788.99,0.32,Smith-Hardin,Cook Islands,SP-009,John Guerrero,maypaul@mcclure-wood.info,North,Tanya Buchanan,07-11-2018,ST-04,Armstrongfort,Arizona,West
ORD-1223,3,03-05-2026,05-05-2026,Second Class,Processing,PayPal,2,0.2,171.78,CUST-0062,Monica Walker,avilatiffany@example.com,+1-886-286-3375x24310,11907 John Cape,Davidside,Montana,53226,United States,Corporate,11-10-2022,PROD-0007,Voltura Binder 999,Office Supplies,Binders,Zenith,107.36,19.49,Kelly-Combs,Tanzania,SP-005,Christopher Bennett,paynerachael@morgan.info,North,Tanya Buchanan,23-10-2022,ST-07,North Julie,Louisiana,South
ORD-1224,2,03-02-2025,12-02-2025,Standard Class,Cancelled,Bank Transfer,8,0,5314.08,CUST-0044,Jennifer Sanders,joe15@example.org,4519522047,010 Lewis Drive Suite 143,Port Shannon,Minnesota,39973,United States,Consumer,11-03-2021,PROD-0030,Pinecrest Binder 265,Office Supplies,Binders,Falcon,664.26,17.16,Schroeder PLC,Tokelau,SP-013,Jay Mcneil,oharris@flowers.com,South,Kevin Thompson,18-01-2024,ST-04,Armstrongfort,Arizona,West
ORD-1225,2,26-08-2025,07-09-2025,Standard Class,Shipped,Debit Card,2,0,1299.12,CUST-0041,Helen Hardin,vortiz@example.net,+1-705-315-1864x492,4629 Kyle Lane,Ritterhaven,North Dakota,84844,United States,Home Office,16-07-2024,PROD-0005,Argon Binder 880,Office Supplies,Binders,Crestline,649.56,31.17,"Wolfe, Sloan and Johnson",Reunion,SP-005,Christopher Bennett,paynerachael@morgan.info,North,Tanya Buchanan,23-10-2022,ST-01,Rodriguezberg,Georgia,North
ORD-1226,2,05-09-2024,11-09-2024,Second Class,Cancelled,Debit Card,9,0.05,2231.64,CUST-0067,Jennifer Smith,amanda40@example.net,001-762-611-8233x984,56793 Kevin Views Apt. 016,Hopkinstown,Alabama,50211,United States,Corporate,20-06-2022,PROD-0012,Voltura Paper 385,Office Supplies,Paper,Falcon,261.01,5.38,Peterson and Sons,Uruguay,SP-009,John Guerrero,maypaul@mcclure-wood.info,North,Tanya Buchanan,07-11-2018,ST-03,Natalieview,Missouri,South
ORD-1227,3,29-07-2026,05-08-2026,Second Class,Cancelled,Store Credit,1,0.15,637.22,CUST-0024,Alicia Hubbard,barbara27@example.net,+1-374-429-6717x5655,7468 Shawn Island Suite 516,Lake Mary,Oregon,67950,United States,Home Office,15-09-2024,PROD-0041,Meridian Phone 171,Electronics,Phones,Argon,749.67,26.57,Thompson-Johnson,Azerbaijan,SP-011,Crystal Brown,acardenas@mcdaniel.com,South,Kevin Thompson,10-06-2021,ST-07,North Julie,Louisiana,South
ORD-1228,3,27-11-2025,01-12-2025,Standard Class,Returned,Credit Card,5,0.2,653.16,CUST-0055,Mark Harvey,rhernandez@example.org,8915307562,970 April Points Suite 786,Lake Brett,New Mexico,41625,United States,Corporate,13-05-2025,PROD-0025,Voltura Laptop 618,Electronics,Laptops,Pinecrest,163.29,14.03,Peterson and Sons,Uruguay,SP-001,Lance Mccall,daniellegarcia@taylor-mcgee.com,North,Tanya Buchanan,30-08-2020,ST-04,Armstrongfort,Arizona,West
ORD-1229,2,21-11-2025,25-11-2025,Same Day,Returned,PayPal,8,0,2088.08,CUST-0069,David Jones,unovak@example.org,+1-647-573-5866x2961,42626 Ward Course,New Juliestad,Arkansas,1181,United States,Consumer,18-04-2025,PROD-0012,Voltura Paper 385,Office Supplies,Paper,Falcon,261.01,5.38,Peterson and Sons,Uruguay,SP-006,Matthew Lawson,gmoore@harris-lee.net,North,Tanya Buchanan,30-11-2022,ST-06,Williamsmouth,Vermont,East
ORD-1230,2,15-08-2024,25-08-2024,Same Day,Returned,Debit Card,2,0,326.58,CUST-0077,Kathleen Dixon,adamsamy@example.com,-7323,1713 Lisa Radial Suite 962,Port Stephen,West Virginia,81261,United States,Home Office,12-04-2021,PROD-0025,Voltura Laptop 618,Electronics,Laptops,Pinecrest,163.29,14.03,Peterson and Sons,Uruguay,SP-010,Dennis Hood,hernandezheather@miller.net,Central,Zachary Sanford,25-01-2021,ST-07,North Julie,Louisiana,South
ORD-1231,3,18-12-2025,28-12-2025,Second Class,Processing,Credit Card,10,0,2734.5,CUST-0087,Angela Davis,danafoster@example.net,001-706-723-4456,3132 Eric Expressway Suite 756,Haynesstad,New Jersey,16326,United States,Small Business,06-04-2023,PROD-0046,Voltura Paper 788,Office Supplies,Paper,Pinecrest,273.45,8.05,Oconnor Group,Somalia,SP-013,Jay Mcneil,oharris@flowers.com,South,Kevin Thompson,18-01-2024,ST-05,West Richard,South Carolina,East
ORD-1232,2,01-06-2025,07-06-2025,Same Day,Returned,Debit Card,3,0.1,1635.96,CUST-0031,Tracy Ballard,christopher60@example.com,-11121,859 Deborah Roads,Port Erica,Utah,61353,United States,Small Business,16-02-2025,PROD-0020,Nova Accessorie 698,Electronics,Accessories,Falcon,605.91,34.12,Kelly-Combs,Tanzania,SP-002,Mark Mccarty,sean43@steele.com,East,Michael Anderson,22-04-2023,ST-03,Natalieview,Missouri,South
ORD-1233,3,05-05-2025,13-05-2025,Second Class,Returned,Debit Card,9,0.15,1249.17,CUST-0074,Kelly Bailey,kimheather@example.com,440-410-5123,673 Soto Ferry Suite 609,West Larry,New Jersey,26364,United States,Home Office,30-10-2022,PROD-0025,Voltura Laptop 618,Electronics,Laptops,Pinecrest,163.29,14.03,Peterson and Sons,Uruguay,SP-007,Deborah Campbell,codylong@larsen.biz,South,Kevin Thompson,09-02-2019,ST-03,Natalieview,Missouri,South
ORD-1234,1,05-09-2025,11-09-2025,First Class,Delivered,Bank Transfer,8,0.1,2588.9,CUST-0063,Wyatt Young,barbara53@example.com,(483)864-4089,56856 Hernandez Lane Apt. 873,Port Michelle,Arkansas,30037,United States,Corporate,01-02-2022,PROD-0019,Falcon Fan 258,Appliances,Fans,Voltura,359.57,38.75,Guzman Inc,Malta,SP-003,Amber Kim,acosta@macias-bell.biz,South,Kevin Thompson,12-03-2019,ST-03,Natalieview,Missouri,South
ORD-1235,2,13-07-2025,22-07-2025,Same Day,Cancelled,Bank Transfer,9,0.15,1778.93,CUST-0018,Traci Rodriguez,hickmanbarbara@example.com,(831)793-1491x9058,506 Garcia Lake,Garyville,Wyoming,83808,United States,Corporate,15-01-2025,PROD-0013,Falcon Vacuum 926,Appliances,Vacuums,Meridian,232.54,3.97,"Foster, Garcia and Turner",Burkina Faso,SP-014,Andrea Hughes,rarnold@ellis.org,West,Tiffany Fry,09-02-2022,ST-07,North Julie,Louisiana,South
ORD-1236,1,20-11-2024,30-11-2024,First Class,Delivered,PayPal,1,0.2,863.42,CUST-0057,Breanna Gilbert,johnsantiago@example.net,230.416.5712,773 Morris Rue Apt. 193,Port Amanda,Oklahoma,70644,United States,Home Office,10-04-2024,PROD-0032,Nova Table 415,Furniture,Tables,Argon,1079.28,31.87,"Wolfe, Sloan and Johnson",Reunion,SP-003,Amber Kim,acosta@macias-bell.biz,South,Kevin Thompson,12-03-2019,ST-02,North Annaville,Maine,Central
ORD-1237,2,22-12-2025,30-12-2025,Standard Class,Returned,Credit Card,10,0.15,8191.19,CUST-0029,Megan Moore,llandry@example.com,+1-664-674-3671x3695,640 Renee Summit,Stevetown,New Jersey,65608,United States,Consumer,29-09-2024,PROD-0035,Argon Kitchen 901,Appliances,Kitchen,Meridian,963.67,34.58,"Wolfe, Sloan and Johnson",Reunion,SP-005,Christopher Bennett,paynerachael@morgan.info,North,Tanya Buchanan,23-10-2022,ST-03,Natalieview,Missouri,South
ORD-1238,3,04-11-2025,13-11-2025,Same Day,Returned,Debit Card,1,0.2,912.24,CUST-0035,Patricia Le,russellbeasley@example.com,376-361-5654x52711,52809 Santiago Loop Suite 604,Garciaville,Tennessee,79197,United States,Home Office,22-02-2022,PROD-0050,Falcon Monitor 783,Electronics,Monitors,Argon,1140.3,35.67,"Wolfe, Sloan and Johnson",Reunion,SP-009,John Guerrero,maypaul@mcclure-wood.info,North,Tanya Buchanan,07-11-2018,ST-06,Williamsmouth,Vermont,East
ORD-1239,2,09-03-2025,14-03-2025,First Class,Delivered,Bank Transfer,1,0.05,101.99,CUST-0055,Mark Harvey,rhernandez@example.org,8915307562,970 April Points Suite 786,Lake Brett,New Mexico,41625,United States,Corporate,13-05-2025,PROD-0007,Voltura Binder 999,Office Supplies,Binders,Zenith,107.36,19.49,Kelly-Combs,Tanzania,SP-012,Steven Klein,davidtodd@rush.com,South,Kevin Thompson,08-06-2023,ST-04,Armstrongfort,Arizona,West
ORD-1240,2,27-11-2025,01-12-2025,Same Day,Shipped,Store Credit,10,0.15,9692.55,CUST-0016,Tommy Evans,acastaneda@example.net,001-489-937-3467x0656,806 Christopher Meadow,Port Nicoleshire,Missouri,18287,United States,Corporate,30-11-2024,PROD-0050,Falcon Monitor 783,Electronics,Monitors,Argon,1140.3,35.67,"Wolfe, Sloan and Johnson",Reunion,SP-013,Jay Mcneil,oharris@flowers.com,South,Kevin Thompson,18-01-2024,ST-04,Armstrongfort,Arizona,West
ORD-1241,3,28-11-2025,29-11-2025,First Class,Returned,Store Credit,10,0,5428.3,CUST-0018,Traci Rodriguez,hickmanbarbara@example.com,(831)793-1491x9058,506 Garcia Lake,Garyville,Wyoming,83808,United States,Corporate,15-01-2025,PROD-0051,Crestline Heater 861,Appliances,Heaters,Falcon,542.83,30.1,"Yu, Banks and Thompson",Monaco,SP-004,Sean Curtis,franciscojones@phillips.com,North,Tanya Buchanan,17-04-2024,ST-04,Armstrongfort,Arizona,West
ORD-1242,3,14-02-2025,19-02-2025,Standard Class,Shipped,Bank Transfer,10,0,868.8,CUST-0022,Rachel Perez,chayes@example.com,001-564-699-0913,32812 Ricky Spurs,North Angela,Nebraska,78333,United States,Corporate,07-12-2022,PROD-0021,Zenith Chair 971,Furniture,Chairs,Crestline,86.88,2.81,Peterson and Sons,Uruguay,SP-012,Steven Klein,davidtodd@rush.com,South,Kevin Thompson,08-06-2023,ST-05,West Richard,South Carolina,East
ORD-1243,1,17-10-2025,29-10-2025,First Class,Shipped,Bank Transfer,3,0,22.74,CUST-0008,Andrea Jones,richarddavid@example.net,799.609.1699,534 Anderson Rue,North Susan,Colorado,39822,United States,Consumer,13-11-2022,PROD-0018,Nova Table 268,Furniture,Tables,Meridian,7.58,15.68,"Yu, Banks and Thompson",Monaco,SP-014,Andrea Hughes,rarnold@ellis.org,West,Tiffany Fry,09-02-2022,ST-03,Natalieview,Missouri,South
ORD-1244,2,09-11-2024,20-11-2024,Standard Class,Delivered,Bank Transfer,7,0.05,1818.84,CUST-0063,Wyatt Young,barbara53@example.com,(483)864-4089,56856 Hernandez Lane Apt. 873,Port Michelle,Arkansas,30037,United States,Corporate,01-02-2022,PROD-0010,Falcon Label 223,Office Supplies,Labels,Voltura,273.51,13.59,"Yu, Banks and Thompson",Monaco,SP-010,Dennis Hood,hernandezheather@miller.net,Central,Zachary Sanford,25-01-2021,ST-05,West Richard,South Carolina,East
ORD-1245,3,31-03-2026,08-04-2026,Standard Class,Delivered,Bank Transfer,8,0,6311.92,CUST-0066,Phillip Burns,umurray@example.com,(328)272-8080,2312 Jeffery Motorway,South Andrea,Utah,49417,United States,Home Office,19-11-2020,PROD-0048,Meridian Table 349,Furniture,Tables,Crestline,788.99,0.32,Smith-Hardin,Cook Islands,SP-005,Christopher Bennett,paynerachael@morgan.info,North,Tanya Buchanan,23-10-2022,ST-06,Williamsmouth,Vermont,East
ORD-1246,1,16-10-2024,18-10-2024,Same Day,Shipped,Bank Transfer,9,0.05,6331.62,CUST-0082,Bradley Tran,kimberly04@example.org,398.236.4037x61379,2696 Payne Extensions Suite 109,Edwardsberg,Kansas,9352,United States,Corporate,26-08-2020,PROD-0043,Meridian Desk 793,Furniture,Desks,Crestline,740.54,12.11,Guzman Inc,Malta,SP-012,Steven Klein,davidtodd@rush.com,South,Kevin Thompson,08-06-2023,ST-06,Williamsmouth,Vermont,East
ORD-1247,1,08-01-2026,14-01-2026,Same Day,Processing,Credit Card,9,0.1,703.73,CUST-0035,Patricia Le,russellbeasley@example.com,376-361-5654x52711,52809 Santiago Loop Suite 604,Garciaville,Tennessee,79197,United States,Home Office,22-02-2022,PROD-0021,Zenith Chair 971,Furniture,Chairs,Crestline,86.88,2.81,Peterson and Sons,Uruguay,SP-014,Andrea Hughes,rarnold@ellis.org,West,Tiffany Fry,09-02-2022,ST-05,West Richard,South Carolina,East
ORD-1248,1,26-10-2024,27-10-2024,Same Day,Cancelled,Credit Card,2,0.2,171.78,CUST-0006,Michael Lewis,jenniferkhan@example.net,337.263.1165x6670,513 James Mission Apt. 624,North Micheleland,North Carolina,61138,United States,Corporate,31-10-2021,PROD-0007,Voltura Binder 999,Office Supplies,Binders,Zenith,107.36,19.49,Kelly-Combs,Tanzania,SP-011,Crystal Brown,acardenas@mcdaniel.com,South,Kevin Thompson,10-06-2021,ST-08,Andrewport,Maryland,Central
ORD-1249,2,23-10-2024,03-11-2024,Standard Class,Processing,PayPal,5,0,1162.7,CUST-0055,Mark Harvey,rhernandez@example.org,8915307562,970 April Points Suite 786,Lake Brett,New Mexico,41625,United States,Corporate,13-05-2025,PROD-0013,Falcon Vacuum 926,Appliances,Vacuums,Meridian,232.54,3.97,"Foster, Garcia and Turner",Burkina Faso,SP-012,Steven Klein,davidtodd@rush.com,South,Kevin Thompson,08-06-2023,ST-03,Natalieview,Missouri,South
ORD-1250,2,17-10-2024,18-10-2024,Second Class,Cancelled,Credit Card,7,0.15,4446.38,CUST-0011,Vanessa Cochran,vjohnson@example.com,(534)221-6073x37543,5414 May Locks,Dicksonberg,Kansas,89566,United States,Consumer,27-06-2025,PROD-0024,Zenith Label 109,Office Supplies,Labels,Falcon,747.29,22.56,Thompson-Johnson,Azerbaijan,SP-011,Crystal Brown,acardenas@mcdaniel.com,South,Kevin Thompson,10-06-2021,ST-03,Natalieview,Missouri,South
ORD-1251,1,24-12-2024,26-12-2024,Same Day,Delivered,Credit Card,3,0.1,506.66,CUST-0013,Jason Bentley,christinaturner@example.net,9449369957,721 Robertson Roads,Nguyenport,Oklahoma,81668,United States,Corporate,05-04-2022,PROD-0001,Nova Table 981,Furniture,Tables,Zenith,187.65,6.48,Thompson PLC,Ghana,SP-004,Sean Curtis,franciscojones@phillips.com,North,Tanya Buchanan,17-04-2024,ST-08,Andrewport,Maryland,Central
ORD-1252,1,25-12-2024,01-01-2025,Second Class,Cancelled,Credit Card,3,0.05,2123.71,CUST-0090,Zachary Stephens,mayokimberly@example.com,587.259.8564x2059,78593 Craig Shoals Apt. 480,South James,North Dakota,29259,United States,Corporate,18-06-2023,PROD-0022,Voltura Table 692,Furniture,Tables,Nova,745.16,16.83,Thompson PLC,Ghana,SP-014,Andrea Hughes,rarnold@ellis.org,West,Tiffany Fry,09-02-2022,ST-02,North Annaville,Maine,Central
ORD-1253,1,09-02-2025,14-02-2025,Second Class,Delivered,Store Credit,3,0.05,305.98,CUST-0014,Angel Riggs,gibsonolivia@example.net,567.463.2016,83172 Contreras Points Suite 798,Lake Lance,Illinois,56434,United States,Corporate,25-09-2024,PROD-0007,Voltura Binder 999,Office Supplies,Binders,Zenith,107.36,19.49,Kelly-Combs,Tanzania,SP-006,Matthew Lawson,gmoore@harris-lee.net,North,Tanya Buchanan,30-11-2022,ST-06,Williamsmouth,Vermont,East
ORD-1254,1,18-08-2025,26-08-2025,Second Class,Cancelled,Store Credit,6,0.15,957.02,CUST-0073,Kimberly Little,rodriguezjohn@example.net,(529)509-6561x014,6798 Michael Burg Suite 146,Stephensstad,Vermont,11754,United States,Small Business,28-02-2021,PROD-0001,Nova Table 981,Furniture,Tables,Zenith,187.65,6.48,Thompson PLC,Ghana,SP-010,Dennis Hood,hernandezheather@miller.net,Central,Zachary Sanford,25-01-2021,ST-03,Natalieview,Missouri,South
ORD-1255,1,26-12-2024,28-12-2024,Same Day,Processing,Bank Transfer,2,0,1992.14,CUST-0088,Ann Aguirre,margaret90@example.org,521-335-6804x42067,21003 James Locks Suite 199,South Kyle,Kentucky,34425,United States,Small Business,03-03-2025,PROD-0029,Nova Label 194,Office Supplies,Labels,Meridian,996.07,1.86,Copeland Group,Mauritius,SP-014,Andrea Hughes,rarnold@ellis.org,West,Tiffany Fry,09-02-2022,ST-04,Armstrongfort,Arizona,West
ORD-1256,3,28-12-2025,02-01-2026,First Class,Delivered,PayPal,2,0,1085.66,CUST-0041,Helen Hardin,vortiz@example.net,+1-705-315-1864x492,4629 Kyle Lane,Ritterhaven,North Dakota,84844,United States,Home Office,16-07-2024,PROD-0051,Crestline Heater 861,Appliances,Heaters,Falcon,542.83,30.1,"Yu, Banks and Thompson",Monaco,SP-003,Amber Kim,acosta@macias-bell.biz,South,Kevin Thompson,12-03-2019,ST-04,Armstrongfort,Arizona,West
ORD-1257,3,04-03-2025,16-03-2025,Standard Class,Shipped,Bank Transfer,7,0,8200.99,CUST-0027,Jane Mcneil,tylerjohnson@example.net,001-851-471-8702,4596 Melissa Walk,Williamsfort,Virginia,88890,United States,Corporate,17-11-2024,PROD-0034,Voltura Vacuum 985,Appliances,Vacuums,Crestline,1171.57,32.45,"Yu, Banks and Thompson",Monaco,SP-010,Dennis Hood,hernandezheather@miller.net,Central,Zachary Sanford,25-01-2021,ST-04,Armstrongfort,Arizona,West
ORD-1258,3,29-08-2024,09-09-2024,Standard Class,Processing,PayPal,10,0,3217.4,CUST-0050,Maria Cole,david89@example.org,001-626-380-1824x22535,84249 Wayne Extension Apt. 299,Morrowland,Florida,44753,United States,Consumer,17-10-2024,PROD-0008,Falcon Phone 662,Electronics,Phones,Crestline,321.74,34.91,"Wolfe, Sloan and Johnson",Reunion,SP-004,Sean Curtis,franciscojones@phillips.com,North,Tanya Buchanan,17-04-2024,ST-08,Andrewport,Maryland,Central
ORD-1259,1,29-07-2025,04-08-2025,Same Day,Delivered,Credit Card,9,0.15,1249.17,CUST-0017,Gabriel Juarez,aramirez@example.com,270-580-5310,92327 Anne Forge,North Jorge,Massachusetts,61453,United States,Small Business,30-01-2024,PROD-0025,Voltura Laptop 618,Electronics,Laptops,Pinecrest,163.29,14.03,Peterson and Sons,Uruguay,SP-014,Andrea Hughes,rarnold@ellis.org,West,Tiffany Fry,09-02-2022,ST-07,North Julie,Louisiana,South
ORD-1260,2,30-12-2024,03-01-2025,First Class,Returned,Bank Transfer,1,0,649.56,CUST-0076,James Lopez,angelaburns@example.org,(557)890-5072,7677 Christopher Burgs Apt. 404,New Paul,Rhode Island,29971,United States,Corporate,09-04-2023,PROD-0005,Argon Binder 880,Office Supplies,Binders,Crestline,649.56,31.17,"Wolfe, Sloan and Johnson",Reunion,SP-001,Lance Mccall,daniellegarcia@taylor-mcgee.com,North,Tanya Buchanan,30-08-2020,ST-05,West Richard,South Carolina,East
ORD-1261,3,14-06-2026,25-06-2026,Second Class,Processing,Credit Card,9,0.1,2787.37,CUST-0055,Mark Harvey,rhernandez@example.org,8915307562,970 April Points Suite 786,Lake Brett,New Mexico,41625,United States,Corporate,13-05-2025,PROD-0045,Crestline Table 774,Furniture,Tables,Zenith,344.12,26.59,"Foster, Garcia and Turner",Burkina Faso,SP-007,Deborah Campbell,codylong@larsen.biz,South,Kevin Thompson,09-02-2019,ST-02,North Annaville,Maine,Central
ORD-1262,2,30-03-2025,02-04-2025,Standard Class,Processing,Bank Transfer,9,0,9495.63,CUST-0040,Heather Jones,dhayes@example.com,511-799-8679x8079,207 Lisa Villages Suite 182,South Scottport,Louisiana,5631,United States,Consumer,27-10-2021,PROD-0006,Nova Accessorie 214,Electronics,Accessories,Argon,1055.07,33.28,Smith-Hardin,Cook Islands,SP-009,John Guerrero,maypaul@mcclure-wood.info,North,Tanya Buchanan,07-11-2018,ST-04,Armstrongfort,Arizona,West
ORD-1263,3,03-08-2024,10-08-2024,Standard Class,Processing,Debit Card,2,0.05,1162.19,CUST-0031,Tracy Ballard,christopher60@example.com,-11121,859 Deborah Roads,Port Erica,Utah,61353,United States,Small Business,16-02-2025,PROD-0004,Pinecrest Kitchen 612,Appliances,Kitchen,Crestline,611.68,4.35,Yu-Brooks,Western Sahara,SP-004,Sean Curtis,franciscojones@phillips.com,North,Tanya Buchanan,17-04-2024,ST-02,North Annaville,Maine,Central
ORD-1264,2,04-12-2025,16-12-2025,First Class,Returned,Store Credit,1,0,187.65,CUST-0016,Tommy Evans,acastaneda@example.net,001-489-937-3467x0656,806 Christopher Meadow,Port Nicoleshire,Missouri,18287,United States,Corporate,30-11-2024,PROD-0001,Nova Table 981,Furniture,Tables,Zenith,187.65,6.48,Thompson PLC,Ghana,SP-012,Steven Klein,davidtodd@rush.com,South,Kevin Thompson,08-06-2023,ST-03,Natalieview,Missouri,South
ORD-1265,1,25-05-2026,06-06-2026,Standard Class,Processing,Bank Transfer,5,0.15,1184.01,CUST-0034,Karen Strickland,hayesjeffrey@example.net,3849700766,15921 Joshua Roads Suite 698,Lake Robert,Delaware,39153,United States,Home Office,07-11-2022,PROD-0011,Zenith Desk 824,Furniture,Desks,Nova,278.59,36.23,Kelly-Combs,Tanzania,SP-006,Matthew Lawson,gmoore@harris-lee.net,North,Tanya Buchanan,30-11-2022,ST-03,Natalieview,Missouri,South
ORD-1266,1,03-04-2026,15-04-2026,Same Day,Cancelled,Store Credit,10,0.15,9958.34,CUST-0035,Patricia Le,russellbeasley@example.com,376-361-5654x52711,52809 Santiago Loop Suite 604,Garciaville,Tennessee,79197,United States,Home Office,22-02-2022,PROD-0034,Voltura Vacuum 985,Appliances,Vacuums,Crestline,1171.57,32.45,"Yu, Banks and Thompson",Monaco,SP-002,Mark Mccarty,sean43@steele.com,East,Michael Anderson,22-04-2023,ST-05,West Richard,South Carolina,East
ORD-1267,1,03-12-2025,09-12-2025,Standard Class,Shipped,Store Credit,3,0,1835.04,CUST-0047,Bradley Coleman,lmorrison@example.net,951-215-4479x6275,640 Emily Lodge Suite 820,Holtstad,North Dakota,19215,United States,Home Office,28-10-2024,PROD-0004,Pinecrest Kitchen 612,Appliances,Kitchen,Crestline,611.68,4.35,Yu-Brooks,Western Sahara,SP-008,Lori Castillo,johnsongeorge@rowland-wells.com,South,Kevin Thompson,07-06-2020,ST-03,Natalieview,Missouri,South
ORD-1268,2,18-11-2024,22-11-2024,Same Day,Shipped,Debit Card,1,0.05,131.38,CUST-0001,Brian Yang,garzaanthony@example.org,538.990.8386,26542 Susan Junction Apt. 161,North Judithbury,Iowa,47553,United States,Consumer,26-10-2024,PROD-0003,Pinecrest Laptop 887,Electronics,Laptops,Argon,138.3,17.45,Schroeder PLC,Tokelau,SP-014,Andrea Hughes,rarnold@ellis.org,West,Tiffany Fry,09-02-2022,ST-01,Rodriguezberg,Georgia,North
ORD-1269,2,05-10-2024,09-10-2024,First Class,Processing,Credit Card,6,0,6186.12,CUST-0005,Beth Keller,josephbrennan@example.com,383.546.5787,50983 Adrian Station,Lake Toddland,Wisconsin,83220,United States,Corporate,16-11-2020,PROD-0036,Zenith Bookcase 491,Furniture,Bookcases,Nova,1031.02,8.98,"Wolfe, Sloan and Johnson",Reunion,SP-013,Jay Mcneil,oharris@flowers.com,South,Kevin Thompson,18-01-2024,ST-07,North Julie,Louisiana,South
ORD-1270,3,10-08-2025,13-08-2025,Standard Class,Cancelled,Credit Card,4,0.2,2391.33,CUST-0074,Kelly Bailey,kimheather@example.com,440-410-5123,673 Soto Ferry Suite 609,West Larry,New Jersey,26364,United States,Home Office,30-10-2022,PROD-0024,Zenith Label 109,Office Supplies,Labels,Falcon,747.29,22.56,Thompson-Johnson,Azerbaijan,SP-002,Mark Mccarty,sean43@steele.com,East,Michael Anderson,22-04-2023,ST-01,Rodriguezberg,Georgia,North
ORD-1271,2,11-01-2026,17-01-2026,Standard Class,Processing,Debit Card,2,0.1,1059.17,CUST-0060,Rachel Fox,christian91@example.org,-3638,971 Stokes Motorway,Port John,Wisconsin,17795,United States,Consumer,24-02-2023,PROD-0056,Meridian Label 651,Office Supplies,Labels,Voltura,588.43,10.99,Oconnor Group,Somalia,SP-005,Christopher Bennett,paynerachael@morgan.info,North,Tanya Buchanan,23-10-2022,ST-05,West Richard,South Carolina,East
ORD-1272,2,14-10-2024,26-10-2024,First Class,Returned,Bank Transfer,10,0,7937.4,CUST-0038,Jeffrey Anderson MD,vincentwhitaker@example.com,860-860-7159,1605 Laurie River Suite 516,Keithville,Alabama,14376,United States,Consumer,19-10-2021,PROD-0037,Voltura Fan 328,Appliances,Fans,Nova,793.74,16,Copeland Group,Mauritius,SP-013,Jay Mcneil,oharris@flowers.com,South,Kevin Thompson,18-01-2024,ST-05,West Richard,South Carolina,East
ORD-1273,1,04-02-2025,07-02-2025,Second Class,Returned,PayPal,1,0.05,521.76,CUST-0026,Veronica Sanchez,patrickweeks@example.net,001-921-446-5840x4499,755 Gibson Islands Apt. 396,Williamview,Nebraska,31114,United States,Corporate,11-11-2024,PROD-0047,Falcon Laptop 725,Electronics,Laptops,Zenith,549.22,35.46,Meza-Elliott,Mongolia,SP-009,John Guerrero,maypaul@mcclure-wood.info,North,Tanya Buchanan,07-11-2018,ST-04,Armstrongfort,Arizona,West
ORD-1274,3,16-01-2025,22-01-2025,Same Day,Processing,Credit Card,1,0.2,401.48,CUST-0082,Bradley Tran,kimberly04@example.org,398.236.4037x61379,2696 Payne Extensions Suite 109,Edwardsberg,Kansas,9352,United States,Corporate,26-08-2020,PROD-0054,Meridian Chair 438,Furniture,Chairs,Falcon,501.85,8.35,Guzman Inc,Malta,SP-012,Steven Klein,davidtodd@rush.com,South,Kevin Thompson,08-06-2023,ST-01,Rodriguezberg,Georgia,North
ORD-1275,3,24-07-2026,01-08-2026,First Class,Delivered,Credit Card,1,0,1171.57,CUST-0027,Jane Mcneil,tylerjohnson@example.net,001-851-471-8702,4596 Melissa Walk,Williamsfort,Virginia,88890,United States,Corporate,17-11-2024,PROD-0034,Voltura Vacuum 985,Appliances,Vacuums,Crestline,1171.57,32.45,"Yu, Banks and Thompson",Monaco,SP-004,Sean Curtis,franciscojones@phillips.com,North,Tanya Buchanan,17-04-2024,ST-07,North Julie,Louisiana,South
ORD-1276,3,05-03-2025,17-03-2025,Standard Class,Returned,Credit Card,6,0.05,600.32,CUST-0030,Colleen Lee,erica21@example.net,+1-504-470-9521x4562,842 Sloan Orchard Suite 517,Kimberlybury,Rhode Island,10370,United States,Consumer,15-04-2021,PROD-0058,Meridian Chair 706,Furniture,Chairs,Nova,105.32,17.2,"Yu, Banks and Thompson",Monaco,SP-014,Andrea Hughes,rarnold@ellis.org,West,Tiffany Fry,09-02-2022,ST-07,North Julie,Louisiana,South
ORD-1277,1,06-07-2025,08-07-2025,Same Day,Shipped,Debit Card,10,0.1,4336.2,CUST-0065,Kristen Rowe,powens@example.com,245-587-7175x3556,48996 Hernandez Isle,Rochaborough,Montana,30650,United States,Small Business,25-06-2022,PROD-0009,Voltura Vacuum 830,Appliances,Vacuums,Pinecrest,481.8,26.9,"Yu, Banks and Thompson",Monaco,SP-011,Crystal Brown,acardenas@mcdaniel.com,South,Kevin Thompson,10-06-2021,ST-07,North Julie,Louisiana,South
ORD-1278,2,12-10-2024,19-10-2024,First Class,Shipped,Credit Card,6,0,1222.44,CUST-0038,Jeffrey Anderson MD,vincentwhitaker@example.com,860-860-7159,1605 Laurie River Suite 516,Keithville,Alabama,14376,United States,Consumer,19-10-2021,PROD-0017,Nova Kitchen 195,Appliances,Kitchen,Voltura,203.74,19.48,Kelly-Combs,Tanzania,SP-014,Andrea Hughes,rarnold@ellis.org,West,Tiffany Fry,09-02-2022,ST-06,Williamsmouth,Vermont,East
ORD-1279,2,06-12-2024,09-12-2024,Same Day,Processing,Bank Transfer,2,0,963.6,CUST-0026,Veronica Sanchez,patrickweeks@example.net,001-921-446-5840x4499,755 Gibson Islands Apt. 396,Williamview,Nebraska,31114,United States,Corporate,11-11-2024,PROD-0009,Voltura Vacuum 830,Appliances,Vacuums,Pinecrest,481.8,26.9,"Yu, Banks and Thompson",Monaco,SP-013,Jay Mcneil,oharris@flowers.com,South,Kevin Thompson,18-01-2024,ST-02,North Annaville,Maine,Central
ORD-1280,2,29-08-2024,06-09-2024,Standard Class,Delivered,Debit Card,5,0.05,4577.43,CUST-0016,Tommy Evans,acastaneda@example.net,001-489-937-3467x0656,806 Christopher Meadow,Port Nicoleshire,Missouri,18287,United States,Corporate,30-11-2024,PROD-0035,Argon Kitchen 901,Appliances,Kitchen,Meridian,963.67,34.58,"Wolfe, Sloan and Johnson",Reunion,SP-006,Matthew Lawson,gmoore@harris-lee.net,North,Tanya Buchanan,30-11-2022,ST-04,Armstrongfort,Arizona,West
ORD-1281,1,01-03-2025,05-03-2025,Second Class,Processing,Bank Transfer,6,0,3635.46,CUST-0088,Ann Aguirre,margaret90@example.org,521-335-6804x42067,21003 James Locks Suite 199,South Kyle,Kentucky,34425,United States,Small Business,03-03-2025,PROD-0020,Nova Accessorie 698,Electronics,Accessories,Falcon,605.91,34.12,Kelly-Combs,Tanzania,SP-014,Andrea Hughes,rarnold@ellis.org,West,Tiffany Fry,09-02-2022,ST-01,Rodriguezberg,Georgia,North
ORD-1282,2,09-03-2026,14-03-2026,Same Day,Returned,Store Credit,3,0,1835.04,CUST-0066,Phillip Burns,umurray@example.com,(328)272-8080,2312 Jeffery Motorway,South Andrea,Utah,49417,United States,Home Office,19-11-2020,PROD-0004,Pinecrest Kitchen 612,Appliances,Kitchen,Crestline,611.68,4.35,Yu-Brooks,Western Sahara,SP-011,Crystal Brown,acardenas@mcdaniel.com,South,Kevin Thompson,10-06-2021,ST-05,West Richard,South Carolina,East
ORD-1283,1,17-03-2025,20-03-2025,Second Class,Shipped,Debit Card,2,0,214.72,CUST-0032,Andrew Ferrell,davispaige@example.org,(275)786-9261x7964,7351 Stephens Rue,Debraville,Florida,47513,United States,Consumer,19-11-2020,PROD-0007,Voltura Binder 999,Office Supplies,Binders,Zenith,107.36,19.49,Kelly-Combs,Tanzania,SP-008,Lori Castillo,johnsongeorge@rowland-wells.com,South,Kevin Thompson,07-06-2020,ST-02,North Annaville,Maine,Central
ORD-1284,1,22-01-2026,01-02-2026,Standard Class,Delivered,Debit Card,10,0,7472.9,CUST-0052,Justin Flores,cmartinez@example.org,(710)746-9632,78774 Johnson Lock,Theresaberg,Wisconsin,66750,United States,Home Office,13-11-2022,PROD-0024,Zenith Label 109,Office Supplies,Labels,Falcon,747.29,22.56,Thompson-Johnson,Azerbaijan,SP-011,Crystal Brown,acardenas@mcdaniel.com,South,Kevin Thompson,10-06-2021,ST-02,North Annaville,Maine,Central
ORD-1285,1,09-10-2024,11-10-2024,Same Day,Delivered,Debit Card,6,0,5976.42,CUST-0083,Lori Mason,zhenderson@example.org,+1-788-892-4141x8328,6303 Sandy Crescent,North Sandra,Montana,59925,United States,Home Office,24-08-2023,PROD-0029,Nova Label 194,Office Supplies,Labels,Meridian,996.07,1.86,Copeland Group,Mauritius,SP-013,Jay Mcneil,oharris@flowers.com,South,Kevin Thompson,18-01-2024,ST-03,Natalieview,Missouri,South
ORD-1286,3,06-02-2026,14-02-2026,Same Day,Shipped,PayPal,1,0.05,235.88,CUST-0074,Kelly Bailey,kimheather@example.com,440-410-5123,673 Soto Ferry Suite 609,West Larry,New Jersey,26364,United States,Home Office,30-10-2022,PROD-0028,Voltura Bookcase 834,Furniture,Bookcases,Argon,248.3,25.41,Copeland Group,Mauritius,SP-014,Andrea Hughes,rarnold@ellis.org,West,Tiffany Fry,09-02-2022,ST-07,North Julie,Louisiana,South
ORD-1287,1,03-09-2024,08-09-2024,Second Class,Processing,Bank Transfer,8,0,2063.44,CUST-0028,Barry Welch,wendy16@example.org,001-517-824-0050x45562,21969 Tyler Prairie,Finleyfort,Ohio,19259,United States,Home Office,28-09-2021,PROD-0059,Pinecrest Vacuum 488,Appliances,Vacuums,Argon,257.93,13.14,Kelly-Combs,Tanzania,SP-003,Amber Kim,acosta@macias-bell.biz,South,Kevin Thompson,12-03-2019,ST-05,West Richard,South Carolina,East
ORD-1288,2,15-04-2026,16-04-2026,Second Class,Cancelled,Debit Card,2,0,1740.8,CUST-0053,Johnny Khan,amitchell@example.org,(624)356-5060x98358,784 David Court Suite 558,East Brandy,Arkansas,48421,United States,Small Business,10-05-2024,PROD-0057,Argon Kitchen 784,Appliances,Kitchen,Meridian,870.4,33.64,Guzman Inc,Malta,SP-009,John Guerrero,maypaul@mcclure-wood.info,North,Tanya Buchanan,07-11-2018,ST-08,Andrewport,Maryland,Central
ORD-1289,1,28-11-2025,09-12-2025,Same Day,Processing,Bank Transfer,9,0.2,6266.88,CUST-0083,Lori Mason,zhenderson@example.org,+1-788-892-4141x8328,6303 Sandy Crescent,North Sandra,Montana,59925,United States,Home Office,24-08-2023,PROD-0057,Argon Kitchen 784,Appliances,Kitchen,Meridian,870.4,33.64,Guzman Inc,Malta,SP-013,Jay Mcneil,oharris@flowers.com,South,Kevin Thompson,18-01-2024,ST-04,Armstrongfort,Arizona,West
ORD-1290,2,03-12-2024,13-12-2024,First Class,Shipped,Credit Card,9,0,4885.47,CUST-0070,Cody Cole,fgarcia@example.com,-7259,826 Dominic Hollow,Wardview,Connecticut,35681,United States,Corporate,18-01-2023,PROD-0051,Crestline Heater 861,Appliances,Heaters,Falcon,542.83,30.1,"Yu, Banks and Thompson",Monaco,SP-008,Lori Castillo,johnsongeorge@rowland-wells.com,South,Kevin Thompson,07-06-2020,ST-06,Williamsmouth,Vermont,East
ORD-1291,2,19-04-2025,24-04-2025,First Class,Returned,Debit Card,1,0.2,40.58,CUST-0041,Helen Hardin,vortiz@example.net,+1-705-315-1864x492,4629 Kyle Lane,Ritterhaven,North Dakota,84844,United States,Home Office,16-07-2024,PROD-0039,Pinecrest Paper 282,Office Supplies,Paper,Pinecrest,50.72,23.9,Thompson PLC,Ghana,SP-004,Sean Curtis,franciscojones@phillips.com,North,Tanya Buchanan,17-04-2024,ST-01,Rodriguezberg,Georgia,North
ORD-1292,3,16-06-2025,21-06-2025,Standard Class,Shipped,Store Credit,9,0.2,772.99,CUST-0021,Christopher Smith,joshuamccann@example.net,627-910-9477x7520,67190 Edward Port,Tinaborough,Maine,40325,United States,Consumer,03-01-2021,PROD-0007,Voltura Binder 999,Office Supplies,Binders,Zenith,107.36,19.49,Kelly-Combs,Tanzania,SP-004,Sean Curtis,franciscojones@phillips.com,North,Tanya Buchanan,17-04-2024,ST-04,Armstrongfort,Arizona,West
ORD-1293,2,29-10-2025,01-11-2025,First Class,Returned,Credit Card,4,0.1,1720.66,CUST-0050,Maria Cole,david89@example.org,001-626-380-1824x22535,84249 Wayne Extension Apt. 299,Morrowland,Florida,44753,United States,Consumer,17-10-2024,PROD-0023,Argon Storage 344,Office Supplies,Storage,Pinecrest,477.96,26.9,Meza-Elliott,Mongolia,SP-014,Andrea Hughes,rarnold@ellis.org,West,Tiffany Fry,09-02-2022,ST-03,Natalieview,Missouri,South
ORD-1294,2,05-05-2026,15-05-2026,First Class,Shipped,Bank Transfer,4,0.2,1529.47,CUST-0090,Zachary Stephens,mayokimberly@example.com,587.259.8564x2059,78593 Craig Shoals Apt. 480,South James,North Dakota,29259,United States,Corporate,18-06-2023,PROD-0023,Argon Storage 344,Office Supplies,Storage,Pinecrest,477.96,26.9,Meza-Elliott,Mongolia,SP-010,Dennis Hood,hernandezheather@miller.net,Central,Zachary Sanford,25-01-2021,ST-03,Natalieview,Missouri,South
ORD-1295,3,07-10-2024,17-10-2024,Same Day,Delivered,PayPal,4,0,4220.28,CUST-0005,Beth Keller,josephbrennan@example.com,383.546.5787,50983 Adrian Station,Lake Toddland,Wisconsin,83220,United States,Corporate,16-11-2020,PROD-0006,Nova Accessorie 214,Electronics,Accessories,Argon,1055.07,33.28,Smith-Hardin,Cook Islands,SP-001,Lance Mccall,daniellegarcia@taylor-mcgee.com,North,Tanya Buchanan,30-08-2020,ST-04,Armstrongfort,Arizona,West
ORD-1296,2,19-03-2026,25-03-2026,Standard Class,Delivered,Debit Card,3,0.2,558.1,CUST-0079,Diana Mayer,shawn75@example.net,5179518636,4589 Ashlee Oval Suite 001,Hayesland,Montana,82575,United States,Small Business,02-07-2024,PROD-0013,Falcon Vacuum 926,Appliances,Vacuums,Meridian,232.54,3.97,"Foster, Garcia and Turner",Burkina Faso,SP-013,Jay Mcneil,oharris@flowers.com,South,Kevin Thompson,18-01-2024,ST-03,Natalieview,Missouri,South
ORD-1297,2,12-12-2024,21-12-2024,Same Day,Returned,Credit Card,6,0,1640.7,CUST-0076,James Lopez,angelaburns@example.org,(557)890-5072,7677 Christopher Burgs Apt. 404,New Paul,Rhode Island,29971,United States,Corporate,09-04-2023,PROD-0046,Voltura Paper 788,Office Supplies,Paper,Pinecrest,273.45,8.05,Oconnor Group,Somalia,SP-003,Amber Kim,acosta@macias-bell.biz,South,Kevin Thompson,12-03-2019,ST-02,North Annaville,Maine,Central
ORD-1298,3,20-05-2025,23-05-2025,Same Day,Processing,Debit Card,7,0.2,3393.1,CUST-0044,Jennifer Sanders,joe15@example.org,4519522047,010 Lewis Drive Suite 143,Port Shannon,Minnesota,39973,United States,Consumer,11-03-2021,PROD-0020,Nova Accessorie 698,Electronics,Accessories,Falcon,605.91,34.12,Kelly-Combs,Tanzania,SP-006,Matthew Lawson,gmoore@harris-lee.net,North,Tanya Buchanan,30-11-2022,ST-03,Natalieview,Missouri,South
ORD-1299,1,05-07-2026,09-07-2026,Same Day,Processing,PayPal,10,0.2,2752.96,CUST-0072,Erika Ramirez,kdiaz@example.org,001-382-880-7374,43426 Jones Rapid Suite 968,Jessicafort,Oregon,66903,United States,Home Office,14-03-2025,PROD-0045,Crestline Table 774,Furniture,Tables,Zenith,344.12,26.59,"Foster, Garcia and Turner",Burkina Faso,SP-010,Dennis Hood,hernandezheather@miller.net,Central,Zachary Sanford,25-01-2021,ST-06,Williamsmouth,Vermont,East
ORD-1300,3,15-02-2025,27-02-2025,Standard Class,Shipped,Store Credit,10,0.05,2479.59,CUST-0017,Gabriel Juarez,aramirez@example.com,270-580-5310,92327 Anne Forge,North Jorge,Massachusetts,61453,United States,Small Business,30-01-2024,PROD-0012,Voltura Paper 385,Office Supplies,Paper,Falcon,261.01,5.38,Peterson and Sons,Uruguay,SP-012,Steven Klein,davidtodd@rush.com,South,Kevin Thompson,08-06-2023,ST-01,Rodriguezberg,Georgia,North
ORD-1301,2,09-05-2025,20-05-2025,Second Class,Processing,Credit Card,10,0,2579.3,CUST-0041,Helen Hardin,vortiz@example.net,+1-705-315-1864x492,4629 Kyle Lane,Ritterhaven,North Dakota,84844,United States,Home Office,16-07-2024,PROD-0059,Pinecrest Vacuum 488,Appliances,Vacuums,Argon,257.93,13.14,Kelly-Combs,Tanzania,SP-013,Jay Mcneil,oharris@flowers.com,South,Kevin Thompson,18-01-2024,ST-04,Armstrongfort,Arizona,West
ORD-1302,3,14-04-2026,25-04-2026,First Class,Cancelled,Credit Card,2,0.2,764.74,CUST-0031,Tracy Ballard,christopher60@example.com,-11121,859 Deborah Roads,Port Erica,Utah,61353,United States,Small Business,16-02-2025,PROD-0023,Argon Storage 344,Office Supplies,Storage,Pinecrest,477.96,26.9,Meza-Elliott,Mongolia,SP-006,Matthew Lawson,gmoore@harris-lee.net,North,Tanya Buchanan,30-11-2022,ST-03,Natalieview,Missouri,South
ORD-1303,1,08-03-2026,14-03-2026,Standard Class,Delivered,Bank Transfer,5,0.2,3238.68,CUST-0034,Karen Strickland,hayesjeffrey@example.net,3849700766,15921 Joshua Roads Suite 698,Lake Robert,Delaware,39153,United States,Home Office,07-11-2022,PROD-0014,Meridian Fan 578,Appliances,Fans,Nova,809.67,39.37,Guzman Inc,Malta,SP-004,Sean Curtis,franciscojones@phillips.com,North,Tanya Buchanan,17-04-2024,ST-02,North Annaville,Maine,Central
ORD-1304,2,18-11-2025,25-11-2025,Same Day,Delivered,Bank Transfer,8,0.05,4174.07,CUST-0057,Breanna Gilbert,johnsantiago@example.net,230.416.5712,773 Morris Rue Apt. 193,Port Amanda,Oklahoma,70644,United States,Home Office,10-04-2024,PROD-0047,Falcon Laptop 725,Electronics,Laptops,Zenith,549.22,35.46,Meza-Elliott,Mongolia,SP-007,Deborah Campbell,codylong@larsen.biz,South,Kevin Thompson,09-02-2019,ST-03,Natalieview,Missouri,South
ORD-1305,1,06-03-2026,09-03-2026,First Class,Delivered,PayPal,8,0,3158.32,CUST-0074,Kelly Bailey,kimheather@example.com,440-410-5123,673 Soto Ferry Suite 609,West Larry,New Jersey,26364,United States,Home Office,30-10-2022,PROD-0042,Pinecrest Accessorie 782,Electronics,Accessories,Meridian,394.79,27.92,Peterson and Sons,Uruguay,SP-013,Jay Mcneil,oharris@flowers.com,South,Kevin Thompson,18-01-2024,ST-04,Armstrongfort,Arizona,West
ORD-1306,3,22-10-2024,25-10-2024,Standard Class,Returned,Credit Card,7,0,751.52,CUST-0034,Karen Strickland,hayesjeffrey@example.net,3849700766,15921 Joshua Roads Suite 698,Lake Robert,Delaware,39153,United States,Home Office,07-11-2022,PROD-0007,Voltura Binder 999,Office Supplies,Binders,Zenith,107.36,19.49,Kelly-Combs,Tanzania,SP-002,Mark Mccarty,sean43@steele.com,East,Michael Anderson,22-04-2023,ST-06,Williamsmouth,Vermont,East
ORD-1307,3,22-12-2025,03-01-2026,Second Class,Returned,Bank Transfer,1,0.05,48.18,CUST-0044,Jennifer Sanders,joe15@example.org,4519522047,010 Lewis Drive Suite 143,Port Shannon,Minnesota,39973,United States,Consumer,11-03-2021,PROD-0039,Pinecrest Paper 282,Office Supplies,Paper,Pinecrest,50.72,23.9,Thompson PLC,Ghana,SP-010,Dennis Hood,hernandezheather@miller.net,Central,Zachary Sanford,25-01-2021,ST-08,Andrewport,Maryland,Central
ORD-1308,3,12-09-2024,16-09-2024,First Class,Processing,PayPal,4,0.05,2324.38,CUST-0021,Christopher Smith,joshuamccann@example.net,627-910-9477x7520,67190 Edward Port,Tinaborough,Maine,40325,United States,Consumer,03-01-2021,PROD-0004,Pinecrest Kitchen 612,Appliances,Kitchen,Crestline,611.68,4.35,Yu-Brooks,Western Sahara,SP-002,Mark Mccarty,sean43@steele.com,East,Michael Anderson,22-04-2023,ST-06,Williamsmouth,Vermont,East
ORD-1309,2,20-06-2026,30-06-2026,Second Class,Delivered,PayPal,9,0.2,772.99,CUST-0031,Tracy Ballard,christopher60@example.com,-11121,859 Deborah Roads,Port Erica,Utah,61353,United States,Small Business,16-02-2025,PROD-0007,Voltura Binder 999,Office Supplies,Binders,Zenith,107.36,19.49,Kelly-Combs,Tanzania,SP-001,Lance Mccall,daniellegarcia@taylor-mcgee.com,North,Tanya Buchanan,30-08-2020,ST-07,North Julie,Louisiana,South
ORD-1310,1,25-11-2024,06-12-2024,Standard Class,Delivered,Debit Card,10,0.05,2358.85,CUST-0001,Brian Yang,garzaanthony@example.org,538.990.8386,26542 Susan Junction Apt. 161,North Judithbury,Iowa,47553,United States,Consumer,26-10-2024,PROD-0028,Voltura Bookcase 834,Furniture,Bookcases,Argon,248.3,25.41,Copeland Group,Mauritius,SP-002,Mark Mccarty,sean43@steele.com,East,Michael Anderson,22-04-2023,ST-05,West Richard,South Carolina,East
ORD-1311,2,01-06-2025,09-06-2025,Same Day,Cancelled,PayPal,2,0,1499.34,CUST-0022,Rachel Perez,chayes@example.com,001-564-699-0913,32812 Ricky Spurs,North Angela,Nebraska,78333,United States,Corporate,07-12-2022,PROD-0041,Meridian Phone 171,Electronics,Phones,Argon,749.67,26.57,Thompson-Johnson,Azerbaijan,SP-005,Christopher Bennett,paynerachael@morgan.info,North,Tanya Buchanan,23-10-2022,ST-02,North Annaville,Maine,Central
ORD-1312,2,06-10-2025,09-10-2025,Second Class,Cancelled,Credit Card,6,0.05,2250.3,CUST-0012,Victor Baker,carlsonmichael@example.com,(798)816-9340x60883,595 Jennifer Hills,Sheilaville,Kentucky,66970,United States,Consumer,16-02-2022,PROD-0042,Pinecrest Accessorie 782,Electronics,Accessories,Meridian,394.79,27.92,Peterson and Sons,Uruguay,SP-009,John Guerrero,maypaul@mcclure-wood.info,North,Tanya Buchanan,07-11-2018,ST-07,North Julie,Louisiana,South
ORD-1313,1,10-03-2026,14-03-2026,Second Class,Delivered,Credit Card,5,0.1,4482.32,CUST-0034,Karen Strickland,hayesjeffrey@example.net,3849700766,15921 Joshua Roads Suite 698,Lake Robert,Delaware,39153,United States,Home Office,07-11-2022,PROD-0029,Nova Label 194,Office Supplies,Labels,Meridian,996.07,1.86,Copeland Group,Mauritius,SP-008,Lori Castillo,johnsongeorge@rowland-wells.com,South,Kevin Thompson,07-06-2020,ST-05,West Richard,South Carolina,East
ORD-1314,1,09-12-2025,19-12-2025,Same Day,Returned,Bank Transfer,4,0.1,1720.66,CUST-0086,Elizabeth Dean,frichardson@example.org,001-883-620-6038x5050,83670 Jennifer Course,Smithborough,Maine,6255,United States,Home Office,10-03-2025,PROD-0023,Argon Storage 344,Office Supplies,Storage,Pinecrest,477.96,26.9,Meza-Elliott,Mongolia,SP-013,Jay Mcneil,oharris@flowers.com,South,Kevin Thompson,18-01-2024,ST-07,North Julie,Louisiana,South
ORD-1315,2,11-12-2024,21-12-2024,Standard Class,Cancelled,Credit Card,4,0.05,2130.51,CUST-0069,David Jones,unovak@example.org,+1-647-573-5866x2961,42626 Ward Course,New Juliestad,Arkansas,1181,United States,Consumer,18-04-2025,PROD-0044,Voltura Accessorie 540,Electronics,Accessories,Argon,560.66,17.74,Copeland Group,Mauritius,SP-014,Andrea Hughes,rarnold@ellis.org,West,Tiffany Fry,09-02-2022,ST-08,Andrewport,Maryland,Central
ORD-1316,1,05-05-2025,07-05-2025,Second Class,Shipped,Debit Card,8,0,6349.92,CUST-0065,Kristen Rowe,powens@example.com,245-587-7175x3556,48996 Hernandez Isle,Rochaborough,Montana,30650,United States,Small Business,25-06-2022,PROD-0037,Voltura Fan 328,Appliances,Fans,Nova,793.74,16,Copeland Group,Mauritius,SP-009,John Guerrero,maypaul@mcclure-wood.info,North,Tanya Buchanan,07-11-2018,ST-03,Natalieview,Missouri,South
ORD-1317,3,20-04-2025,24-04-2025,First Class,Processing,Credit Card,3,0.2,595.92,CUST-0006,Michael Lewis,jenniferkhan@example.net,337.263.1165x6670,513 James Mission Apt. 624,North Micheleland,North Carolina,61138,United States,Corporate,31-10-2021,PROD-0028,Voltura Bookcase 834,Furniture,Bookcases,Argon,248.3,25.41,Copeland Group,Mauritius,SP-002,Mark Mccarty,sean43@steele.com,East,Michael Anderson,22-04-2023,ST-07,North Julie,Louisiana,South
ORD-1318,2,22-08-2024,31-08-2024,Same Day,Delivered,Store Credit,6,0.2,783.79,CUST-0012,Victor Baker,carlsonmichael@example.com,(798)816-9340x60883,595 Jennifer Hills,Sheilaville,Kentucky,66970,United States,Consumer,16-02-2022,PROD-0025,Voltura Laptop 618,Electronics,Laptops,Pinecrest,163.29,14.03,Peterson and Sons,Uruguay,SP-009,John Guerrero,maypaul@mcclure-wood.info,North,Tanya Buchanan,07-11-2018,ST-07,North Julie,Louisiana,South
ORD-1319,1,14-12-2025,16-12-2025,Standard Class,Delivered,Store Credit,7,0,8200.99,CUST-0076,James Lopez,angelaburns@example.org,(557)890-5072,7677 Christopher Burgs Apt. 404,New Paul,Rhode Island,29971,United States,Corporate,09-04-2023,PROD-0034,Voltura Vacuum 985,Appliances,Vacuums,Crestline,1171.57,32.45,"Yu, Banks and Thompson",Monaco,SP-013,Jay Mcneil,oharris@flowers.com,South,Kevin Thompson,18-01-2024,ST-07,North Julie,Louisiana,South
ORD-1320,3,05-04-2026,12-04-2026,Same Day,Returned,Store Credit,5,0.05,2578.44,CUST-0013,Jason Bentley,christinaturner@example.net,9449369957,721 Robertson Roads,Nguyenport,Oklahoma,81668,United States,Corporate,05-04-2022,PROD-0051,Crestline Heater 861,Appliances,Heaters,Falcon,542.83,30.1,"Yu, Banks and Thompson",Monaco,SP-005,Christopher Bennett,paynerachael@morgan.info,North,Tanya Buchanan,23-10-2022,ST-06,Williamsmouth,Vermont,East
ORD-1321,3,13-07-2026,20-07-2026,Same Day,Delivered,Bank Transfer,3,0.1,373.41,CUST-0061,Elizabeth Johnson,lisa39@example.org,6658180170,65676 Miller Shore,Elliottside,New Jersey,71188,United States,Corporate,31-03-2021,PROD-0003,Pinecrest Laptop 887,Electronics,Laptops,Argon,138.3,17.45,Schroeder PLC,Tokelau,SP-003,Amber Kim,acosta@macias-bell.biz,South,Kevin Thompson,12-03-2019,ST-05,West Richard,South Carolina,East
ORD-1322,2,04-11-2024,16-11-2024,Standard Class,Processing,PayPal,8,0,2752.96,CUST-0043,Emily Stokes,mmckee@example.com,+1-297-974-6886x23924,181 Miller Estates Suite 782,Karenmouth,Iowa,57841,United States,Corporate,15-01-2021,PROD-0045,Crestline Table 774,Furniture,Tables,Zenith,344.12,26.59,"Foster, Garcia and Turner",Burkina Faso,SP-004,Sean Curtis,franciscojones@phillips.com,North,Tanya Buchanan,17-04-2024,ST-01,Rodriguezberg,Georgia,North
ORD-1323,1,04-06-2026,16-06-2026,Second Class,Processing,Bank Transfer,2,0.2,12.13,CUST-0040,Heather Jones,dhayes@example.com,511-799-8679x8079,207 Lisa Villages Suite 182,South Scottport,Louisiana,5631,United States,Consumer,27-10-2021,PROD-0018,Nova Table 268,Furniture,Tables,Meridian,7.58,15.68,"Yu, Banks and Thompson",Monaco,SP-014,Andrea Hughes,rarnold@ellis.org,West,Tiffany Fry,09-02-2022,ST-08,Andrewport,Maryland,Central
ORD-1324,2,22-10-2024,01-11-2024,Second Class,Cancelled,Bank Transfer,2,0,15.16,CUST-0042,Susan Davis DDS,andrew42@example.org,473-832-2141x88805,29270 Diaz Stravenue,Lake Jacqueline,West Virginia,31634,United States,Home Office,06-06-2025,PROD-0018,Nova Table 268,Furniture,Tables,Meridian,7.58,15.68,"Yu, Banks and Thompson",Monaco,SP-012,Steven Klein,davidtodd@rush.com,South,Kevin Thompson,08-06-2023,ST-07,North Julie,Louisiana,South
ORD-1325,2,28-05-2025,06-06-2025,Same Day,Shipped,Store Credit,3,0,1765.29,CUST-0067,Jennifer Smith,amanda40@example.net,001-762-611-8233x984,56793 Kevin Views Apt. 016,Hopkinstown,Alabama,50211,United States,Corporate,20-06-2022,PROD-0056,Meridian Label 651,Office Supplies,Labels,Voltura,588.43,10.99,Oconnor Group,Somalia,SP-006,Matthew Lawson,gmoore@harris-lee.net,North,Tanya Buchanan,30-11-2022,ST-01,Rodriguezberg,Georgia,North
ORD-1326,1,03-09-2024,07-09-2024,Same Day,Delivered,PayPal,1,0,637.29,CUST-0073,Kimberly Little,rodriguezjohn@example.net,(529)509-6561x014,6798 Michael Burg Suite 146,Stephensstad,Vermont,11754,United States,Small Business,28-02-2021,PROD-0002,Meridian Kitchen 710,Appliances,Kitchen,Falcon,637.29,38.85,Guzman Inc,Malta,SP-003,Amber Kim,acosta@macias-bell.biz,South,Kevin Thompson,12-03-2019,ST-04,Armstrongfort,Arizona,West
ORD-1327,1,08-02-2025,17-02-2025,Standard Class,Shipped,PayPal,7,0.15,45.1,CUST-0026,Veronica Sanchez,patrickweeks@example.net,001-921-446-5840x4499,755 Gibson Islands Apt. 396,Williamview,Nebraska,31114,United States,Corporate,11-11-2024,PROD-0018,Nova Table 268,Furniture,Tables,Meridian,7.58,15.68,"Yu, Banks and Thompson",Monaco,SP-006,Matthew Lawson,gmoore@harris-lee.net,North,Tanya Buchanan,30-11-2022,ST-08,Andrewport,Maryland,Central
ORD-1328,2,18-03-2025,26-03-2025,First Class,Shipped,PayPal,10,0.1,456.48,CUST-0063,Wyatt Young,barbara53@example.com,(483)864-4089,56856 Hernandez Lane Apt. 873,Port Michelle,Arkansas,30037,United States,Corporate,01-02-2022,PROD-0039,Pinecrest Paper 282,Office Supplies,Paper,Pinecrest,50.72,23.9,Thompson PLC,Ghana,SP-008,Lori Castillo,johnsongeorge@rowland-wells.com,South,Kevin Thompson,07-06-2020,ST-03,Natalieview,Missouri,South
ORD-1329,3,29-12-2025,05-01-2026,Second Class,Shipped,Debit Card,1,0,1055.07,CUST-0089,Carl Stein,david70@example.org,001-566-470-6625,7209 Deborah Parks Suite 870,North Wendyborough,Tennessee,11998,United States,Home Office,24-12-2021,PROD-0006,Nova Accessorie 214,Electronics,Accessories,Argon,1055.07,33.28,Smith-Hardin,Cook Islands,SP-005,Christopher Bennett,paynerachael@morgan.info,North,Tanya Buchanan,23-10-2022,ST-01,Rodriguezberg,Georgia,North
ORD-1330,3,09-12-2025,18-12-2025,Standard Class,Cancelled,Debit Card,1,0.2,647.74,CUST-0087,Angela Davis,danafoster@example.net,001-706-723-4456,3132 Eric Expressway Suite 756,Haynesstad,New Jersey,16326,United States,Small Business,06-04-2023,PROD-0014,Meridian Fan 578,Appliances,Fans,Nova,809.67,39.37,Guzman Inc,Malta,SP-005,Christopher Bennett,paynerachael@morgan.info,North,Tanya Buchanan,23-10-2022,ST-07,North Julie,Louisiana,South
ORD-1331,2,13-02-2026,17-02-2026,First Class,Cancelled,Bank Transfer,5,0.1,1174.55,CUST-0083,Lori Mason,zhenderson@example.org,+1-788-892-4141x8328,6303 Sandy Crescent,North Sandra,Montana,59925,United States,Home Office,24-08-2023,PROD-0012,Voltura Paper 385,Office Supplies,Paper,Falcon,261.01,5.38,Peterson and Sons,Uruguay,SP-010,Dennis Hood,hernandezheather@miller.net,Central,Zachary Sanford,25-01-2021,ST-01,Rodriguezberg,Georgia,North
ORD-1332,3,26-09-2025,04-10-2025,Same Day,Returned,Credit Card,5,0.15,2823.11,CUST-0045,Brian Stein,chenbailey@example.net,(446)309-5396,88888 Peter Mountains Apt. 654,South Danielle,South Carolina,98453,United States,Consumer,30-08-2020,PROD-0030,Pinecrest Binder 265,Office Supplies,Binders,Falcon,664.26,17.16,Schroeder PLC,Tokelau,SP-005,Christopher Bennett,paynerachael@morgan.info,North,Tanya Buchanan,23-10-2022,ST-04,Armstrongfort,Arizona,West
ORD-1333,2,18-09-2025,27-09-2025,First Class,Delivered,Bank Transfer,10,0.1,3848.85,CUST-0001,Brian Yang,garzaanthony@example.org,538.990.8386,26542 Susan Junction Apt. 161,North Judithbury,Iowa,47553,United States,Consumer,26-10-2024,PROD-0033,Voltura Accessorie 782,Electronics,Accessories,Zenith,427.65,22.44,Meza-Elliott,Mongolia,SP-011,Crystal Brown,acardenas@mcdaniel.com,South,Kevin Thompson,10-06-2021,ST-06,Williamsmouth,Vermont,East
ORD-1334,3,16-07-2026,21-07-2026,First Class,Shipped,Debit Card,5,0.15,3166.93,CUST-0009,Daniel Baker,nicole35@example.com,(378)449-8084,18244 Jennifer Ford Suite 874,North Stephenshire,Connecticut,7159,United States,Small Business,16-01-2021,PROD-0022,Voltura Table 692,Furniture,Tables,Nova,745.16,16.83,Thompson PLC,Ghana,SP-005,Christopher Bennett,paynerachael@morgan.info,North,Tanya Buchanan,23-10-2022,ST-06,Williamsmouth,Vermont,East
ORD-1335,2,03-12-2025,13-12-2025,Second Class,Delivered,Bank Transfer,7,0.15,386.81,CUST-0067,Jennifer Smith,amanda40@example.net,001-762-611-8233x984,56793 Kevin Views Apt. 016,Hopkinstown,Alabama,50211,United States,Corporate,20-06-2022,PROD-0049,Crestline Monitor 923,Electronics,Monitors,Falcon,65.01,10.04,Meza-Elliott,Mongolia,SP-004,Sean Curtis,franciscojones@phillips.com,North,Tanya Buchanan,17-04-2024,ST-01,Rodriguezberg,Georgia,North
ORD-1336,3,05-04-2025,12-04-2025,Second Class,Processing,Debit Card,1,0.1,183.37,CUST-0038,Jeffrey Anderson MD,vincentwhitaker@example.com,860-860-7159,1605 Laurie River Suite 516,Keithville,Alabama,14376,United States,Consumer,19-10-2021,PROD-0017,Nova Kitchen 195,Appliances,Kitchen,Voltura,203.74,19.48,Kelly-Combs,Tanzania,SP-007,Deborah Campbell,codylong@larsen.biz,South,Kevin Thompson,09-02-2019,ST-07,North Julie,Louisiana,South
ORD-1337,2,18-08-2025,29-08-2025,Second Class,Returned,Debit Card,6,0.1,5203.82,CUST-0088,Ann Aguirre,margaret90@example.org,521-335-6804x42067,21003 James Locks Suite 199,South Kyle,Kentucky,34425,United States,Small Business,03-03-2025,PROD-0035,Argon Kitchen 901,Appliances,Kitchen,Meridian,963.67,34.58,"Wolfe, Sloan and Johnson",Reunion,SP-011,Crystal Brown,acardenas@mcdaniel.com,South,Kevin Thompson,10-06-2021,ST-08,Andrewport,Maryland,Central
ORD-1338,3,26-12-2025,07-01-2026,Second Class,Processing,Credit Card,5,0.15,456.28,CUST-0038,Jeffrey Anderson MD,vincentwhitaker@example.com,860-860-7159,1605 Laurie River Suite 516,Keithville,Alabama,14376,United States,Consumer,19-10-2021,PROD-0007,Voltura Binder 999,Office Supplies,Binders,Zenith,107.36,19.49,Kelly-Combs,Tanzania,SP-008,Lori Castillo,johnsongeorge@rowland-wells.com,South,Kevin Thompson,07-06-2020,ST-03,Natalieview,Missouri,South
ORD-1339,2,09-10-2024,16-10-2024,First Class,Cancelled,Credit Card,6,0,2867.76,CUST-0029,Megan Moore,llandry@example.com,+1-664-674-3671x3695,640 Renee Summit,Stevetown,New Jersey,65608,United States,Consumer,29-09-2024,PROD-0023,Argon Storage 344,Office Supplies,Storage,Pinecrest,477.96,26.9,Meza-Elliott,Mongolia,SP-004,Sean Curtis,franciscojones@phillips.com,North,Tanya Buchanan,17-04-2024,ST-05,West Richard,South Carolina,East
ORD-1340,1,27-11-2025,05-12-2025,Same Day,Returned,PayPal,4,0.1,2202.05,CUST-0061,Elizabeth Johnson,lisa39@example.org,6658180170,65676 Miller Shore,Elliottside,New Jersey,71188,United States,Corporate,31-03-2021,PROD-0004,Pinecrest Kitchen 612,Appliances,Kitchen,Crestline,611.68,4.35,Yu-Brooks,Western Sahara,SP-014,Andrea Hughes,rarnold@ellis.org,West,Tiffany Fry,09-02-2022,ST-02,North Annaville,Maine,Central
ORD-1341,2,29-01-2025,01-02-2025,Same Day,Shipped,PayPal,4,0,2446.72,CUST-0053,Johnny Khan,amitchell@example.org,(624)356-5060x98358,784 David Court Suite 558,East Brandy,Arkansas,48421,United States,Small Business,10-05-2024,PROD-0004,Pinecrest Kitchen 612,Appliances,Kitchen,Crestline,611.68,4.35,Yu-Brooks,Western Sahara,SP-014,Andrea Hughes,rarnold@ellis.org,West,Tiffany Fry,09-02-2022,ST-03,Natalieview,Missouri,South
ORD-1342,3,10-04-2025,16-04-2025,Standard Class,Delivered,Bank Transfer,3,0,3420.9,CUST-0024,Alicia Hubbard,barbara27@example.net,+1-374-429-6717x5655,7468 Shawn Island Suite 516,Lake Mary,Oregon,67950,United States,Home Office,15-09-2024,PROD-0050,Falcon Monitor 783,Electronics,Monitors,Argon,1140.3,35.67,"Wolfe, Sloan and Johnson",Reunion,SP-002,Mark Mccarty,sean43@steele.com,East,Michael Anderson,22-04-2023,ST-08,Andrewport,Maryland,Central
ORD-1343,1,08-12-2025,18-12-2025,Second Class,Returned,Bank Transfer,3,0.05,2307.56,CUST-0036,Dr. Gregory Hawkins,farmeraudrey@example.com,-10780,0229 Jones Streets Apt. 183,New Williamberg,Texas,49809,United States,Consumer,06-09-2022,PROD-0014,Meridian Fan 578,Appliances,Fans,Nova,809.67,39.37,Guzman Inc,Malta,SP-013,Jay Mcneil,oharris@flowers.com,South,Kevin Thompson,18-01-2024,ST-03,Natalieview,Missouri,South
ORD-1344,1,09-05-2025,17-05-2025,Second Class,Processing,Credit Card,7,0,1738.1,CUST-0082,Bradley Tran,kimberly04@example.org,398.236.4037x61379,2696 Payne Extensions Suite 109,Edwardsberg,Kansas,9352,United States,Corporate,26-08-2020,PROD-0028,Voltura Bookcase 834,Furniture,Bookcases,Argon,248.3,25.41,Copeland Group,Mauritius,SP-007,Deborah Campbell,codylong@larsen.biz,South,Kevin Thompson,09-02-2019,ST-07,North Julie,Louisiana,South
ORD-1345,3,06-04-2026,07-04-2026,Second Class,Shipped,PayPal,1,0.15,55.26,CUST-0042,Susan Davis DDS,andrew42@example.org,473-832-2141x88805,29270 Diaz Stravenue,Lake Jacqueline,West Virginia,31634,United States,Home Office,06-06-2025,PROD-0049,Crestline Monitor 923,Electronics,Monitors,Falcon,65.01,10.04,Meza-Elliott,Mongolia,SP-014,Andrea Hughes,rarnold@ellis.org,West,Tiffany Fry,09-02-2022,ST-04,Armstrongfort,Arizona,West
ORD-1346,1,13-09-2025,22-09-2025,Standard Class,Delivered,PayPal,10,0,4818,CUST-0040,Heather Jones,dhayes@example.com,511-799-8679x8079,207 Lisa Villages Suite 182,South Scottport,Louisiana,5631,United States,Consumer,27-10-2021,PROD-0009,Voltura Vacuum 830,Appliances,Vacuums,Pinecrest,481.8,26.9,"Yu, Banks and Thompson",Monaco,SP-002,Mark Mccarty,sean43@steele.com,East,Michael Anderson,22-04-2023,ST-07,North Julie,Louisiana,South
ORD-1347,2,24-07-2026,31-07-2026,First Class,Shipped,Debit Card,3,0,1992.78,CUST-0038,Jeffrey Anderson MD,vincentwhitaker@example.com,860-860-7159,1605 Laurie River Suite 516,Keithville,Alabama,14376,United States,Consumer,19-10-2021,PROD-0030,Pinecrest Binder 265,Office Supplies,Binders,Falcon,664.26,17.16,Schroeder PLC,Tokelau,SP-012,Steven Klein,davidtodd@rush.com,South,Kevin Thompson,08-06-2023,ST-06,Williamsmouth,Vermont,East
ORD-1348,3,09-09-2024,21-09-2024,Standard Class,Returned,Store Credit,3,0,1911.87,CUST-0052,Justin Flores,cmartinez@example.org,(710)746-9632,78774 Johnson Lock,Theresaberg,Wisconsin,66750,United States,Home Office,13-11-2022,PROD-0002,Meridian Kitchen 710,Appliances,Kitchen,Falcon,637.29,38.85,Guzman Inc,Malta,SP-004,Sean Curtis,franciscojones@phillips.com,North,Tanya Buchanan,17-04-2024,ST-04,Armstrongfort,Arizona,West
ORD-1349,3,14-11-2025,21-11-2025,Standard Class,Returned,Credit Card,5,0.2,1286.96,CUST-0022,Rachel Perez,chayes@example.com,001-564-699-0913,32812 Ricky Spurs,North Angela,Nebraska,78333,United States,Corporate,07-12-2022,PROD-0008,Falcon Phone 662,Electronics,Phones,Crestline,321.74,34.91,"Wolfe, Sloan and Johnson",Reunion,SP-006,Matthew Lawson,gmoore@harris-lee.net,North,Tanya Buchanan,30-11-2022,ST-01,Rodriguezberg,Georgia,North
ORD-1350,2,23-11-2024,24-11-2024,Same Day,Delivered,Store Credit,2,0.05,203.98,CUST-0085,James Hernandez,tranrobin@example.net,+1-263-453-6541x9518,061 Cline Trail,Port Michellebury,Arizona,41224,United States,Corporate,21-03-2022,PROD-0007,Voltura Binder 999,Office Supplies,Binders,Zenith,107.36,19.49,Kelly-Combs,Tanzania,SP-011,Crystal Brown,acardenas@mcdaniel.com,South,Kevin Thompson,10-06-2021,ST-01,Rodriguezberg,Georgia,North
ORD-1351,2,13-04-2026,17-04-2026,Standard Class,Returned,PayPal,1,0,1002.34,CUST-0033,Daniel Fowler,williamsmatthew@example.org,001-431-283-9335,28421 David Knolls Apt. 950,Jamesville,New Jersey,23339,United States,Home Office,28-11-2021,PROD-0031,Crestline Laptop 658,Electronics,Laptops,Nova,1002.34,23.34,Thompson PLC,Ghana,SP-012,Steven Klein,davidtodd@rush.com,South,Kevin Thompson,08-06-2023,ST-03,Natalieview,Missouri,South
ORD-1352,3,15-04-2026,22-04-2026,Standard Class,Processing,Credit Card,2,0.1,91.3,CUST-0080,William Patterson,nicoleturner@example.com,554-815-2064,103 Miller Ramp,Smithburgh,New Hampshire,30148,United States,Small Business,07-03-2023,PROD-0039,Pinecrest Paper 282,Office Supplies,Paper,Pinecrest,50.72,23.9,Thompson PLC,Ghana,SP-012,Steven Klein,davidtodd@rush.com,South,Kevin Thompson,08-06-2023,ST-03,Natalieview,Missouri,South
ORD-1353,2,28-04-2026,03-05-2026,Same Day,Processing,Debit Card,9,0,9713.52,CUST-0014,Angel Riggs,gibsonolivia@example.net,567.463.2016,83172 Contreras Points Suite 798,Lake Lance,Illinois,56434,United States,Corporate,25-09-2024,PROD-0032,Nova Table 415,Furniture,Tables,Argon,1079.28,31.87,"Wolfe, Sloan and Johnson",Reunion,SP-004,Sean Curtis,franciscojones@phillips.com,North,Tanya Buchanan,17-04-2024,ST-04,Armstrongfort,Arizona,West
ORD-1354,1,24-09-2024,06-10-2024,Standard Class,Delivered,Credit Card,8,0,8248.16,CUST-0006,Michael Lewis,jenniferkhan@example.net,337.263.1165x6670,513 James Mission Apt. 624,North Micheleland,North Carolina,61138,United States,Corporate,31-10-2021,PROD-0036,Zenith Bookcase 491,Furniture,Bookcases,Nova,1031.02,8.98,"Wolfe, Sloan and Johnson",Reunion,SP-008,Lori Castillo,johnsongeorge@rowland-wells.com,South,Kevin Thompson,07-06-2020,ST-04,Armstrongfort,Arizona,West
ORD-1355,3,26-07-2025,29-07-2025,Standard Class,Delivered,PayPal,2,0.2,802.96,CUST-0015,David Walsh,rsims@example.com,443-545-5812,231 Russell Plains Suite 603,Merrittfort,New Hampshire,55570,United States,Consumer,13-07-2022,PROD-0054,Meridian Chair 438,Furniture,Chairs,Falcon,501.85,8.35,Guzman Inc,Malta,SP-010,Dennis Hood,hernandezheather@miller.net,Central,Zachary Sanford,25-01-2021,ST-08,Andrewport,Maryland,Central
ORD-1356,1,24-01-2025,29-01-2025,Second Class,Delivered,PayPal,8,0,2417.12,CUST-0083,Lori Mason,zhenderson@example.org,+1-788-892-4141x8328,6303 Sandy Crescent,North Sandra,Montana,59925,United States,Home Office,24-08-2023,PROD-0015,Argon Laptop 919,Electronics,Laptops,Zenith,302.14,7.69,Guzman Inc,Malta,SP-008,Lori Castillo,johnsongeorge@rowland-wells.com,South,Kevin Thompson,07-06-2020,ST-05,West Richard,South Carolina,East
ORD-1357,1,11-07-2026,18-07-2026,Standard Class,Shipped,Debit Card,2,0,195.18,CUST-0047,Bradley Coleman,lmorrison@example.net,951-215-4479x6275,640 Emily Lodge Suite 820,Holtstad,North Dakota,19215,United States,Home Office,28-10-2024,PROD-0052,Voltura Label 381,Office Supplies,Labels,Falcon,97.59,11.5,Schroeder PLC,Tokelau,SP-011,Crystal Brown,acardenas@mcdaniel.com,South,Kevin Thompson,10-06-2021,ST-06,Williamsmouth,Vermont,East
ORD-1358,2,06-09-2024,18-09-2024,Second Class,Delivered,Bank Transfer,2,0,955.92,CUST-0043,Emily Stokes,mmckee@example.com,+1-297-974-6886x23924,181 Miller Estates Suite 782,Karenmouth,Iowa,57841,United States,Corporate,15-01-2021,PROD-0023,Argon Storage 344,Office Supplies,Storage,Pinecrest,477.96,26.9,Meza-Elliott,Mongolia,SP-008,Lori Castillo,johnsongeorge@rowland-wells.com,South,Kevin Thompson,07-06-2020,ST-05,West Richard,South Carolina,East
ORD-1359,2,10-01-2025,22-01-2025,Second Class,Delivered,Debit Card,8,0.2,4251.26,CUST-0052,Justin Flores,cmartinez@example.org,(710)746-9632,78774 Johnson Lock,Theresaberg,Wisconsin,66750,United States,Home Office,13-11-2022,PROD-0030,Pinecrest Binder 265,Office Supplies,Binders,Falcon,664.26,17.16,Schroeder PLC,Tokelau,SP-005,Christopher Bennett,paynerachael@morgan.info,North,Tanya Buchanan,23-10-2022,ST-07,North Julie,Louisiana,South
ORD-1360,2,14-11-2025,16-11-2025,Same Day,Shipped,Store Credit,7,0.1,3460.09,CUST-0090,Zachary Stephens,mayokimberly@example.com,587.259.8564x2059,78593 Craig Shoals Apt. 480,South James,North Dakota,29259,United States,Corporate,18-06-2023,PROD-0047,Falcon Laptop 725,Electronics,Laptops,Zenith,549.22,35.46,Meza-Elliott,Mongolia,SP-001,Lance Mccall,daniellegarcia@taylor-mcgee.com,North,Tanya Buchanan,30-08-2020,ST-03,Natalieview,Missouri,South
ORD-1361,2,22-05-2025,02-06-2025,Standard Class,Cancelled,Bank Transfer,3,0.05,3249.85,CUST-0049,Steven Wallace,cochrantammy@example.com,+1-451-588-4422x58313,58957 Cheryl Corners Apt. 467,Gonzalezberg,California,69404,United States,Corporate,21-08-2022,PROD-0050,Falcon Monitor 783,Electronics,Monitors,Argon,1140.3,35.67,"Wolfe, Sloan and Johnson",Reunion,SP-006,Matthew Lawson,gmoore@harris-lee.net,North,Tanya Buchanan,30-11-2022,ST-01,Rodriguezberg,Georgia,North
ORD-1362,3,19-01-2025,20-01-2025,Second Class,Processing,Store Credit,9,0.2,4676.83,CUST-0006,Michael Lewis,jenniferkhan@example.net,337.263.1165x6670,513 James Mission Apt. 624,North Micheleland,North Carolina,61138,United States,Corporate,31-10-2021,PROD-0005,Argon Binder 880,Office Supplies,Binders,Crestline,649.56,31.17,"Wolfe, Sloan and Johnson",Reunion,SP-005,Christopher Bennett,paynerachael@morgan.info,North,Tanya Buchanan,23-10-2022,ST-06,Williamsmouth,Vermont,East
ORD-1363,2,02-07-2025,09-07-2025,Same Day,Shipped,Store Credit,4,0.05,1307.66,CUST-0067,Jennifer Smith,amanda40@example.net,001-762-611-8233x984,56793 Kevin Views Apt. 016,Hopkinstown,Alabama,50211,United States,Corporate,20-06-2022,PROD-0045,Crestline Table 774,Furniture,Tables,Zenith,344.12,26.59,"Foster, Garcia and Turner",Burkina Faso,SP-012,Steven Klein,davidtodd@rush.com,South,Kevin Thompson,08-06-2023,ST-02,North Annaville,Maine,Central
ORD-1364,2,09-03-2026,18-03-2026,Second Class,Delivered,Bank Transfer,8,0.2,3914.75,CUST-0079,Diana Mayer,shawn75@example.net,5179518636,4589 Ashlee Oval Suite 001,Hayesland,Montana,82575,United States,Small Business,02-07-2024,PROD-0004,Pinecrest Kitchen 612,Appliances,Kitchen,Crestline,611.68,4.35,Yu-Brooks,Western Sahara,SP-001,Lance Mccall,daniellegarcia@taylor-mcgee.com,North,Tanya Buchanan,30-08-2020,ST-03,Natalieview,Missouri,South
ORD-1365,3,24-06-2025,25-06-2025,Same Day,Cancelled,Debit Card,9,0,2731.68,CUST-0042,Susan Davis DDS,andrew42@example.org,473-832-2141x88805,29270 Diaz Stravenue,Lake Jacqueline,West Virginia,31634,United States,Home Office,06-06-2025,PROD-0016,Crestline Vacuum 385,Appliances,Vacuums,Falcon,303.52,36.94,Guzman Inc,Malta,SP-006,Matthew Lawson,gmoore@harris-lee.net,North,Tanya Buchanan,30-11-2022,ST-05,West Richard,South Carolina,East
ORD-1366,2,19-04-2026,21-04-2026,Standard Class,Cancelled,Credit Card,8,0.05,5048.38,CUST-0011,Vanessa Cochran,vjohnson@example.com,(534)221-6073x37543,5414 May Locks,Dicksonberg,Kansas,89566,United States,Consumer,27-06-2025,PROD-0030,Pinecrest Binder 265,Office Supplies,Binders,Falcon,664.26,17.16,Schroeder PLC,Tokelau,SP-008,Lori Castillo,johnsongeorge@rowland-wells.com,South,Kevin Thompson,07-06-2020,ST-08,Andrewport,Maryland,Central
ORD-1367,1,23-06-2025,02-07-2025,First Class,Returned,Store Credit,9,0,9011.97,CUST-0014,Angel Riggs,gibsonolivia@example.net,567.463.2016,83172 Contreras Points Suite 798,Lake Lance,Illinois,56434,United States,Corporate,25-09-2024,PROD-0026,Pinecrest Phone 261,Electronics,Phones,Falcon,1001.33,28.17,Thompson-Johnson,Azerbaijan,SP-007,Deborah Campbell,codylong@larsen.biz,South,Kevin Thompson,09-02-2019,ST-01,Rodriguezberg,Georgia,North
ORD-1368,1,26-10-2024,01-11-2024,Second Class,Cancelled,PayPal,6,0.2,1894.99,CUST-0027,Jane Mcneil,tylerjohnson@example.net,001-851-471-8702,4596 Melissa Walk,Williamsfort,Virginia,88890,United States,Corporate,17-11-2024,PROD-0042,Pinecrest Accessorie 782,Electronics,Accessories,Meridian,394.79,27.92,Peterson and Sons,Uruguay,SP-011,Crystal Brown,acardenas@mcdaniel.com,South,Kevin Thompson,10-06-2021,ST-08,Andrewport,Maryland,Central
ORD-1369,2,30-07-2025,11-08-2025,Standard Class,Delivered,Debit Card,6,0.15,5815.53,CUST-0072,Erika Ramirez,kdiaz@example.org,001-382-880-7374,43426 Jones Rapid Suite 968,Jessicafort,Oregon,66903,United States,Home Office,14-03-2025,PROD-0050,Falcon Monitor 783,Electronics,Monitors,Argon,1140.3,35.67,"Wolfe, Sloan and Johnson",Reunion,SP-010,Dennis Hood,hernandezheather@miller.net,Central,Zachary Sanford,25-01-2021,ST-08,Andrewport,Maryland,Central
ORD-1370,3,21-11-2025,30-11-2025,Standard Class,Delivered,Debit Card,9,0,6706.44,CUST-0001,Brian Yang,garzaanthony@example.org,538.990.8386,26542 Susan Junction Apt. 161,North Judithbury,Iowa,47553,United States,Consumer,26-10-2024,PROD-0022,Voltura Table 692,Furniture,Tables,Nova,745.16,16.83,Thompson PLC,Ghana,SP-006,Matthew Lawson,gmoore@harris-lee.net,North,Tanya Buchanan,30-11-2022,ST-05,West Richard,South Carolina,East
ORD-1371,1,15-10-2024,17-10-2024,Second Class,Delivered,Bank Transfer,5,0.1,2168.1,CUST-0064,Tracy Grant,paulscott@example.com,+1-317-551-8304x6990,3540 Sharon Streets,Port Steven,Arkansas,15877,United States,Small Business,25-04-2024,PROD-0009,Voltura Vacuum 830,Appliances,Vacuums,Pinecrest,481.8,26.9,"Yu, Banks and Thompson",Monaco,SP-014,Andrea Hughes,rarnold@ellis.org,West,Tiffany Fry,09-02-2022,ST-07,North Julie,Louisiana,South
ORD-1372,2,29-05-2025,10-06-2025,Standard Class,Returned,Credit Card,6,0,3985.56,CUST-0028,Barry Welch,wendy16@example.org,001-517-824-0050x45562,21969 Tyler Prairie,Finleyfort,Ohio,19259,United States,Home Office,28-09-2021,PROD-0030,Pinecrest Binder 265,Office Supplies,Binders,Falcon,664.26,17.16,Schroeder PLC,Tokelau,SP-014,Andrea Hughes,rarnold@ellis.org,West,Tiffany Fry,09-02-2022,ST-04,Armstrongfort,Arizona,West
ORD-1373,3,12-09-2025,20-09-2025,Standard Class,Returned,Bank Transfer,1,0.1,597.83,CUST-0058,Jennifer Simpson DVM,nancy04@example.net,+1-515-347-8872x874,74205 Bradley Throughway Apt. 296,East Robertburgh,Arizona,56560,United States,Corporate,27-02-2023,PROD-0030,Pinecrest Binder 265,Office Supplies,Binders,Falcon,664.26,17.16,Schroeder PLC,Tokelau,SP-011,Crystal Brown,acardenas@mcdaniel.com,South,Kevin Thompson,10-06-2021,ST-03,Natalieview,Missouri,South
ORD-1374,3,01-08-2024,13-08-2024,Second Class,Delivered,Bank Transfer,10,0,10023.4,CUST-0075,Michael Flynn,lloydamanda@example.com,737-714-7859x69691,249 Emily Island Apt. 341,Priceborough,Indiana,24493,United States,Consumer,13-06-2022,PROD-0031,Crestline Laptop 658,Electronics,Laptops,Nova,1002.34,23.34,Thompson PLC,Ghana,SP-009,John Guerrero,maypaul@mcclure-wood.info,North,Tanya Buchanan,07-11-2018,ST-03,Natalieview,Missouri,South
ORD-1375,3,06-10-2024,15-10-2024,Second Class,Processing,Bank Transfer,7,0.05,337.29,CUST-0085,James Hernandez,tranrobin@example.net,+1-263-453-6541x9518,061 Cline Trail,Port Michellebury,Arizona,41224,United States,Corporate,21-03-2022,PROD-0039,Pinecrest Paper 282,Office Supplies,Paper,Pinecrest,50.72,23.9,Thompson PLC,Ghana,SP-010,Dennis Hood,hernandezheather@miller.net,Central,Zachary Sanford,25-01-2021,ST-06,Williamsmouth,Vermont,East
ORD-1376,3,16-10-2025,19-10-2025,First Class,Returned,PayPal,7,0.1,2265.29,CUST-0044,Jennifer Sanders,joe15@example.org,4519522047,010 Lewis Drive Suite 143,Port Shannon,Minnesota,39973,United States,Consumer,11-03-2021,PROD-0019,Falcon Fan 258,Appliances,Fans,Voltura,359.57,38.75,Guzman Inc,Malta,SP-008,Lori Castillo,johnsongeorge@rowland-wells.com,South,Kevin Thompson,07-06-2020,ST-03,Natalieview,Missouri,South
ORD-1377,2,27-10-2025,31-10-2025,First Class,Shipped,Debit Card,10,0.15,6372.19,CUST-0071,Mr. David Wright,mwheeler@example.com,924-706-5965,924 Morrison Square Apt. 752,East Ryanchester,Maryland,52699,United States,Consumer,04-06-2025,PROD-0041,Meridian Phone 171,Electronics,Phones,Argon,749.67,26.57,Thompson-Johnson,Azerbaijan,SP-004,Sean Curtis,franciscojones@phillips.com,North,Tanya Buchanan,17-04-2024,ST-04,Armstrongfort,Arizona,West
ORD-1378,2,11-03-2025,23-03-2025,Same Day,Returned,Store Credit,2,0.2,1541.87,CUST-0065,Kristen Rowe,powens@example.com,245-587-7175x3556,48996 Hernandez Isle,Rochaborough,Montana,30650,United States,Small Business,25-06-2022,PROD-0035,Argon Kitchen 901,Appliances,Kitchen,Meridian,963.67,34.58,"Wolfe, Sloan and Johnson",Reunion,SP-012,Steven Klein,davidtodd@rush.com,South,Kevin Thompson,08-06-2023,ST-06,Williamsmouth,Vermont,East
ORD-1379,1,07-08-2025,14-08-2025,Standard Class,Cancelled,Debit Card,1,0.1,246.1,CUST-0086,Elizabeth Dean,frichardson@example.org,001-883-620-6038x5050,83670 Jennifer Course,Smithborough,Maine,6255,United States,Home Office,10-03-2025,PROD-0046,Voltura Paper 788,Office Supplies,Paper,Pinecrest,273.45,8.05,Oconnor Group,Somalia,SP-007,Deborah Campbell,codylong@larsen.biz,South,Kevin Thompson,09-02-2019,ST-05,West Richard,South Carolina,East
ORD-1380,3,30-12-2024,04-01-2025,First Class,Shipped,Credit Card,3,0,2221.62,CUST-0007,Zachary Huff,housemelinda@example.org,(977)436-0260x64746,3098 Julie Centers,South Lindseyside,Connecticut,7073,United States,Consumer,03-07-2023,PROD-0043,Meridian Desk 793,Furniture,Desks,Crestline,740.54,12.11,Guzman Inc,Malta,SP-001,Lance Mccall,daniellegarcia@taylor-mcgee.com,North,Tanya Buchanan,30-08-2020,ST-04,Armstrongfort,Arizona,West
ORD-1381,2,04-12-2025,13-12-2025,Standard Class,Returned,Store Credit,1,0,542.83,CUST-0089,Carl Stein,david70@example.org,001-566-470-6625,7209 Deborah Parks Suite 870,North Wendyborough,Tennessee,11998,United States,Home Office,24-12-2021,PROD-0051,Crestline Heater 861,Appliances,Heaters,Falcon,542.83,30.1,"Yu, Banks and Thompson",Monaco,SP-005,Christopher Bennett,paynerachael@morgan.info,North,Tanya Buchanan,23-10-2022,ST-04,Armstrongfort,Arizona,West
ORD-1382,3,26-06-2026,30-06-2026,First Class,Delivered,Bank Transfer,9,0.2,5680.73,CUST-0029,Megan Moore,llandry@example.com,+1-664-674-3671x3695,640 Renee Summit,Stevetown,New Jersey,65608,United States,Consumer,29-09-2024,PROD-0048,Meridian Table 349,Furniture,Tables,Crestline,788.99,0.32,Smith-Hardin,Cook Islands,SP-011,Crystal Brown,acardenas@mcdaniel.com,South,Kevin Thompson,10-06-2021,ST-07,North Julie,Louisiana,South
ORD-1383,3,23-04-2025,02-05-2025,First Class,Shipped,Store Credit,1,0,321.04,CUST-0050,Maria Cole,david89@example.org,001-626-380-1824x22535,84249 Wayne Extension Apt. 299,Morrowland,Florida,44753,United States,Consumer,17-10-2024,PROD-0027,Zenith Accessorie 999,Electronics,Accessories,Crestline,321.04,35.6,"Yu, Banks and Thompson",Monaco,SP-013,Jay Mcneil,oharris@flowers.com,South,Kevin Thompson,18-01-2024,ST-06,Williamsmouth,Vermont,East
ORD-1384,3,09-09-2024,19-09-2024,Second Class,Shipped,PayPal,9,0.15,3839.15,CUST-0057,Breanna Gilbert,johnsantiago@example.net,230.416.5712,773 Morris Rue Apt. 193,Port Amanda,Oklahoma,70644,United States,Home Office,10-04-2024,PROD-0054,Meridian Chair 438,Furniture,Chairs,Falcon,501.85,8.35,Guzman Inc,Malta,SP-004,Sean Curtis,franciscojones@phillips.com,North,Tanya Buchanan,17-04-2024,ST-06,Williamsmouth,Vermont,East
ORD-1385,3,10-01-2025,13-01-2025,Standard Class,Cancelled,Credit Card,3,0.15,665.58,CUST-0058,Jennifer Simpson DVM,nancy04@example.net,+1-515-347-8872x874,74205 Bradley Throughway Apt. 296,East Robertburgh,Arizona,56560,United States,Corporate,27-02-2023,PROD-0012,Voltura Paper 385,Office Supplies,Paper,Falcon,261.01,5.38,Peterson and Sons,Uruguay,SP-011,Crystal Brown,acardenas@mcdaniel.com,South,Kevin Thompson,10-06-2021,ST-02,North Annaville,Maine,Central
ORD-1386,2,29-06-2025,02-07-2025,Standard Class,Processing,Bank Transfer,3,0.1,20.47,CUST-0055,Mark Harvey,rhernandez@example.org,8915307562,970 April Points Suite 786,Lake Brett,New Mexico,41625,United States,Corporate,13-05-2025,PROD-0018,Nova Table 268,Furniture,Tables,Meridian,7.58,15.68,"Yu, Banks and Thompson",Monaco,SP-009,John Guerrero,maypaul@mcclure-wood.info,North,Tanya Buchanan,07-11-2018,ST-05,West Richard,South Carolina,East
ORD-1387,3,14-09-2025,24-09-2025,First Class,Cancelled,Store Credit,1,0.2,110.64,CUST-0020,Michael West,davisjeffrey@example.net,749.757.8856,4431 Leslie Summit Apt. 337,Freemanbury,Vermont,36742,United States,Home Office,16-03-2024,PROD-0003,Pinecrest Laptop 887,Electronics,Laptops,Argon,138.3,17.45,Schroeder PLC,Tokelau,SP-003,Amber Kim,acosta@macias-bell.biz,South,Kevin Thompson,12-03-2019,ST-06,Williamsmouth,Vermont,East
ORD-1388,3,28-10-2025,06-11-2025,Standard Class,Returned,Debit Card,4,0,1911.84,CUST-0071,Mr. David Wright,mwheeler@example.com,924-706-5965,924 Morrison Square Apt. 752,East Ryanchester,Maryland,52699,United States,Consumer,04-06-2025,PROD-0023,Argon Storage 344,Office Supplies,Storage,Pinecrest,477.96,26.9,Meza-Elliott,Mongolia,SP-002,Mark Mccarty,sean43@steele.com,East,Michael Anderson,22-04-2023,ST-06,Williamsmouth,Vermont,East
ORD-1389,1,12-07-2025,14-07-2025,First Class,Processing,PayPal,6,0,5782.02,CUST-0054,Andrew Reeves,jstone@example.net,925.695.2694x95888,55169 Robles Stream Apt. 974,New William,North Carolina,86430,United States,Home Office,30-06-2024,PROD-0035,Argon Kitchen 901,Appliances,Kitchen,Meridian,963.67,34.58,"Wolfe, Sloan and Johnson",Reunion,SP-009,John Guerrero,maypaul@mcclure-wood.info,North,Tanya Buchanan,07-11-2018,ST-07,North Julie,Louisiana,South
ORD-1390,3,24-11-2025,03-12-2025,First Class,Cancelled,Debit Card,1,0,809.67,CUST-0038,Jeffrey Anderson MD,vincentwhitaker@example.com,860-860-7159,1605 Laurie River Suite 516,Keithville,Alabama,14376,United States,Consumer,19-10-2021,PROD-0014,Meridian Fan 578,Appliances,Fans,Nova,809.67,39.37,Guzman Inc,Malta,SP-013,Jay Mcneil,oharris@flowers.com,South,Kevin Thompson,18-01-2024,ST-08,Andrewport,Maryland,Central
ORD-1391,1,06-01-2026,07-01-2026,Same Day,Processing,Store Credit,6,0.05,1763.52,CUST-0083,Lori Mason,zhenderson@example.org,+1-788-892-4141x8328,6303 Sandy Crescent,North Sandra,Montana,59925,United States,Home Office,24-08-2023,PROD-0040,Zenith Storage 494,Office Supplies,Storage,Voltura,309.39,28.38,Guzman Inc,Malta,SP-010,Dennis Hood,hernandezheather@miller.net,Central,Zachary Sanford,25-01-2021,ST-04,Armstrongfort,Arizona,West
ORD-1392,2,23-10-2024,01-11-2024,Standard Class,Processing,Debit Card,9,0.05,5448.83,CUST-0037,Todd Carlson,moorekaren@example.org,+1-814-376-7976x43815,978 Williams Locks Apt. 034,Ericport,Washington,28187,United States,Small Business,02-06-2024,PROD-0002,Meridian Kitchen 710,Appliances,Kitchen,Falcon,637.29,38.85,Guzman Inc,Malta,SP-009,John Guerrero,maypaul@mcclure-wood.info,North,Tanya Buchanan,07-11-2018,ST-06,Williamsmouth,Vermont,East
ORD-1393,1,07-02-2026,10-02-2026,Standard Class,Shipped,Debit Card,9,0.1,3463.97,CUST-0042,Susan Davis DDS,andrew42@example.org,473-832-2141x88805,29270 Diaz Stravenue,Lake Jacqueline,West Virginia,31634,United States,Home Office,06-06-2025,PROD-0033,Voltura Accessorie 782,Electronics,Accessories,Zenith,427.65,22.44,Meza-Elliott,Mongolia,SP-002,Mark Mccarty,sean43@steele.com,East,Michael Anderson,22-04-2023,ST-02,North Annaville,Maine,Central
ORD-1394,3,10-01-2025,14-01-2025,Same Day,Delivered,Debit Card,9,0.2,1787.76,CUST-0088,Ann Aguirre,margaret90@example.org,521-335-6804x42067,21003 James Locks Suite 199,South Kyle,Kentucky,34425,United States,Small Business,03-03-2025,PROD-0028,Voltura Bookcase 834,Furniture,Bookcases,Argon,248.3,25.41,Copeland Group,Mauritius,SP-014,Andrea Hughes,rarnold@ellis.org,West,Tiffany Fry,09-02-2022,ST-02,North Annaville,Maine,Central
ORD-1395,1,07-04-2025,08-04-2025,Second Class,Processing,Store Credit,2,0,1328.52,CUST-0004,Juan Dunlap,maldonadoamanda@example.com,001-551-446-2704x82814,88095 Smith Lake Suite 303,Carlsonmouth,North Dakota,74865,United States,Corporate,26-04-2025,PROD-0030,Pinecrest Binder 265,Office Supplies,Binders,Falcon,664.26,17.16,Schroeder PLC,Tokelau,SP-012,Steven Klein,davidtodd@rush.com,South,Kevin Thompson,08-06-2023,ST-06,Williamsmouth,Vermont,East
ORD-1396,2,30-03-2026,04-04-2026,Same Day,Cancelled,PayPal,7,0.05,5278.37,CUST-0010,Carlos Whitney,joycearnold@example.com,-9271,45053 Elizabeth Knoll,Calderonton,Alabama,73886,United States,Consumer,01-01-2025,PROD-0037,Voltura Fan 328,Appliances,Fans,Nova,793.74,16,Copeland Group,Mauritius,SP-014,Andrea Hughes,rarnold@ellis.org,West,Tiffany Fry,09-02-2022,ST-04,Armstrongfort,Arizona,West
ORD-1397,3,07-07-2026,16-07-2026,Standard Class,Returned,Credit Card,1,0.15,138.8,CUST-0003,Crystal Johnson,richard13@example.net,001-653-876-7242x388,3287 Katelyn Wall Apt. 226,Lake Mark,Wyoming,78673,United States,Home Office,25-11-2020,PROD-0025,Voltura Laptop 618,Electronics,Laptops,Pinecrest,163.29,14.03,Peterson and Sons,Uruguay,SP-011,Crystal Brown,acardenas@mcdaniel.com,South,Kevin Thompson,10-06-2021,ST-02,North Annaville,Maine,Central
ORD-1398,3,02-03-2025,11-03-2025,First Class,Returned,Credit Card,2,0,1149.98,CUST-0090,Zachary Stephens,mayokimberly@example.com,587.259.8564x2059,78593 Craig Shoals Apt. 480,South James,North Dakota,29259,United States,Corporate,18-06-2023,PROD-0055,Nova Heater 977,Appliances,Heaters,Meridian,574.99,37.72,"Yu, Banks and Thompson",Monaco,SP-002,Mark Mccarty,sean43@steele.com,East,Michael Anderson,22-04-2023,ST-06,Williamsmouth,Vermont,East
ORD-1399,1,17-08-2025,24-08-2025,Second Class,Shipped,Bank Transfer,1,0.05,61.76,CUST-0037,Todd Carlson,moorekaren@example.org,+1-814-376-7976x43815,978 Williams Locks Apt. 034,Ericport,Washington,28187,United States,Small Business,02-06-2024,PROD-0049,Crestline Monitor 923,Electronics,Monitors,Falcon,65.01,10.04,Meza-Elliott,Mongolia,SP-008,Lori Castillo,johnsongeorge@rowland-wells.com,South,Kevin Thompson,07-06-2020,ST-07,North Julie,Louisiana,South
ORD-1400,3,27-12-2025,01-01-2026,Second Class,Delivered,Credit Card,6,0,2157.42,CUST-0070,Cody Cole,fgarcia@example.com,-7259,826 Dominic Hollow,Wardview,Connecticut,35681,United States,Corporate,18-01-2023,PROD-0019,Falcon Fan 258,Appliances,Fans,Voltura,359.57,38.75,Guzman Inc,Malta,SP-011,Crystal Brown,acardenas@mcdaniel.com,South,Kevin Thompson,10-06-2021,ST-03,Natalieview,Missouri,South
ORD-1401,2,03-09-2024,12-09-2024,Second Class,Processing,Debit Card,9,0,7143.66,CUST-0001,Brian Yang,garzaanthony@example.org,538.990.8386,26542 Susan Junction Apt. 161,North Judithbury,Iowa,47553,United States,Consumer,26-10-2024,PROD-0037,Voltura Fan 328,Appliances,Fans,Nova,793.74,16,Copeland Group,Mauritius,SP-010,Dennis Hood,hernandezheather@miller.net,Central,Zachary Sanford,25-01-2021,ST-07,North Julie,Louisiana,South
ORD-1402,3,28-11-2024,01-12-2024,First Class,Shipped,Credit Card,3,0,315.96,CUST-0053,Johnny Khan,amitchell@example.org,(624)356-5060x98358,784 David Court Suite 558,East Brandy,Arkansas,48421,United States,Small Business,10-05-2024,PROD-0058,Meridian Chair 706,Furniture,Chairs,Nova,105.32,17.2,"Yu, Banks and Thompson",Monaco,SP-011,Crystal Brown,acardenas@mcdaniel.com,South,Kevin Thompson,10-06-2021,ST-03,Natalieview,Missouri,South
ORD-1403,3,11-11-2024,20-11-2024,Standard Class,Processing,Credit Card,8,0.15,5035.67,CUST-0024,Alicia Hubbard,barbara27@example.net,+1-374-429-6717x5655,7468 Shawn Island Suite 516,Lake Mary,Oregon,67950,United States,Home Office,15-09-2024,PROD-0043,Meridian Desk 793,Furniture,Desks,Crestline,740.54,12.11,Guzman Inc,Malta,SP-013,Jay Mcneil,oharris@flowers.com,South,Kevin Thompson,18-01-2024,ST-01,Rodriguezberg,Georgia,North
ORD-1404,3,07-01-2026,13-01-2026,Second Class,Delivered,PayPal,6,0,644.16,CUST-0033,Daniel Fowler,williamsmatthew@example.org,001-431-283-9335,28421 David Knolls Apt. 950,Jamesville,New Jersey,23339,United States,Home Office,28-11-2021,PROD-0007,Voltura Binder 999,Office Supplies,Binders,Zenith,107.36,19.49,Kelly-Combs,Tanzania,SP-004,Sean Curtis,franciscojones@phillips.com,North,Tanya Buchanan,17-04-2024,ST-08,Andrewport,Maryland,Central
ORD-1405,3,10-01-2026,18-01-2026,First Class,Returned,Debit Card,8,0,5196.48,CUST-0080,William Patterson,nicoleturner@example.com,554-815-2064,103 Miller Ramp,Smithburgh,New Hampshire,30148,United States,Small Business,07-03-2023,PROD-0005,Argon Binder 880,Office Supplies,Binders,Crestline,649.56,31.17,"Wolfe, Sloan and Johnson",Reunion,SP-004,Sean Curtis,franciscojones@phillips.com,North,Tanya Buchanan,17-04-2024,ST-06,Williamsmouth,Vermont,East
ORD-1406,2,18-10-2024,25-10-2024,Second Class,Shipped,Bank Transfer,3,0,2381.22,CUST-0073,Kimberly Little,rodriguezjohn@example.net,(529)509-6561x014,6798 Michael Burg Suite 146,Stephensstad,Vermont,11754,United States,Small Business,28-02-2021,PROD-0037,Voltura Fan 328,Appliances,Fans,Nova,793.74,16,Copeland Group,Mauritius,SP-006,Matthew Lawson,gmoore@harris-lee.net,North,Tanya Buchanan,30-11-2022,ST-06,Williamsmouth,Vermont,East
ORD-1407,2,21-10-2025,01-11-2025,Same Day,Processing,PayPal,6,0.05,2860.55,CUST-0036,Dr. Gregory Hawkins,farmeraudrey@example.com,-10780,0229 Jones Streets Apt. 183,New Williamberg,Texas,49809,United States,Consumer,06-09-2022,PROD-0054,Meridian Chair 438,Furniture,Chairs,Falcon,501.85,8.35,Guzman Inc,Malta,SP-006,Matthew Lawson,gmoore@harris-lee.net,North,Tanya Buchanan,30-11-2022,ST-03,Natalieview,Missouri,South
ORD-1408,2,16-12-2024,27-12-2024,Second Class,Returned,Debit Card,10,0,10310.2,CUST-0063,Wyatt Young,barbara53@example.com,(483)864-4089,56856 Hernandez Lane Apt. 873,Port Michelle,Arkansas,30037,United States,Corporate,01-02-2022,PROD-0036,Zenith Bookcase 491,Furniture,Bookcases,Nova,1031.02,8.98,"Wolfe, Sloan and Johnson",Reunion,SP-002,Mark Mccarty,sean43@steele.com,East,Michael Anderson,22-04-2023,ST-03,Natalieview,Missouri,South
ORD-1409,3,11-06-2026,23-06-2026,Standard Class,Returned,Store Credit,2,0,1098.44,CUST-0034,Karen Strickland,hayesjeffrey@example.net,3849700766,15921 Joshua Roads Suite 698,Lake Robert,Delaware,39153,United States,Home Office,07-11-2022,PROD-0047,Falcon Laptop 725,Electronics,Laptops,Zenith,549.22,35.46,Meza-Elliott,Mongolia,SP-011,Crystal Brown,acardenas@mcdaniel.com,South,Kevin Thompson,10-06-2021,ST-02,North Annaville,Maine,Central
ORD-1410,3,15-05-2025,16-05-2025,Same Day,Shipped,PayPal,9,0,10262.7,CUST-0052,Justin Flores,cmartinez@example.org,(710)746-9632,78774 Johnson Lock,Theresaberg,Wisconsin,66750,United States,Home Office,13-11-2022,PROD-0050,Falcon Monitor 783,Electronics,Monitors,Argon,1140.3,35.67,"Wolfe, Sloan and Johnson",Reunion,SP-010,Dennis Hood,hernandezheather@miller.net,Central,Zachary Sanford,25-01-2021,ST-04,Armstrongfort,Arizona,West
ORD-1411,3,01-07-2025,04-07-2025,Standard Class,Cancelled,PayPal,8,0.1,2175.41,CUST-0051,Patricia Baker,katiebutler@example.net,9783447364,76773 Lawson Island,Port Michelleland,Arizona,94658,United States,Small Business,07-03-2022,PROD-0015,Argon Laptop 919,Electronics,Laptops,Zenith,302.14,7.69,Guzman Inc,Malta,SP-013,Jay Mcneil,oharris@flowers.com,South,Kevin Thompson,18-01-2024,ST-05,West Richard,South Carolina,East
ORD-1412,3,23-02-2026,05-03-2026,Second Class,Cancelled,Debit Card,3,0.2,450.36,CUST-0065,Kristen Rowe,powens@example.com,245-587-7175x3556,48996 Hernandez Isle,Rochaborough,Montana,30650,United States,Small Business,25-06-2022,PROD-0001,Nova Table 981,Furniture,Tables,Zenith,187.65,6.48,Thompson PLC,Ghana,SP-011,Crystal Brown,acardenas@mcdaniel.com,South,Kevin Thompson,10-06-2021,ST-04,Armstrongfort,Arizona,West
ORD-1413,1,06-01-2026,18-01-2026,Second Class,Cancelled,Debit Card,8,0,6349.92,CUST-0023,Andrea Hall,kristin93@example.com,683-624-2102,74648 Kim Rapid Apt. 659,East Keithport,Vermont,33317,United States,Small Business,17-09-2020,PROD-0037,Voltura Fan 328,Appliances,Fans,Nova,793.74,16,Copeland Group,Mauritius,SP-010,Dennis Hood,hernandezheather@miller.net,Central,Zachary Sanford,25-01-2021,ST-03,Natalieview,Missouri,South
ORD-1414,2,18-10-2024,19-10-2024,Same Day,Cancelled,Bank Transfer,4,0.1,733.46,CUST-0009,Daniel Baker,nicole35@example.com,(378)449-8084,18244 Jennifer Ford Suite 874,North Stephenshire,Connecticut,7159,United States,Small Business,16-01-2021,PROD-0017,Nova Kitchen 195,Appliances,Kitchen,Voltura,203.74,19.48,Kelly-Combs,Tanzania,SP-006,Matthew Lawson,gmoore@harris-lee.net,North,Tanya Buchanan,30-11-2022,ST-04,Armstrongfort,Arizona,West
ORD-1415,2,30-05-2025,01-06-2025,First Class,Returned,Store Credit,9,0.15,1058,CUST-0006,Michael Lewis,jenniferkhan@example.net,337.263.1165x6670,513 James Mission Apt. 624,North Micheleland,North Carolina,61138,United States,Corporate,31-10-2021,PROD-0003,Pinecrest Laptop 887,Electronics,Laptops,Argon,138.3,17.45,Schroeder PLC,Tokelau,SP-011,Crystal Brown,acardenas@mcdaniel.com,South,Kevin Thompson,10-06-2021,ST-06,Williamsmouth,Vermont,East
ORD-1416,1,09-06-2026,15-06-2026,First Class,Cancelled,Debit Card,10,0.15,2218.59,CUST-0073,Kimberly Little,rodriguezjohn@example.net,(529)509-6561x014,6798 Michael Burg Suite 146,Stephensstad,Vermont,11754,United States,Small Business,28-02-2021,PROD-0012,Voltura Paper 385,Office Supplies,Paper,Falcon,261.01,5.38,Peterson and Sons,Uruguay,SP-007,Deborah Campbell,codylong@larsen.biz,South,Kevin Thompson,09-02-2019,ST-07,North Julie,Louisiana,South
ORD-1417,1,05-04-2026,13-04-2026,Second Class,Cancelled,Debit Card,8,0.1,7209.58,CUST-0067,Jennifer Smith,amanda40@example.net,001-762-611-8233x984,56793 Kevin Views Apt. 016,Hopkinstown,Alabama,50211,United States,Corporate,20-06-2022,PROD-0026,Pinecrest Phone 261,Electronics,Phones,Falcon,1001.33,28.17,Thompson-Johnson,Azerbaijan,SP-006,Matthew Lawson,gmoore@harris-lee.net,North,Tanya Buchanan,30-11-2022,ST-06,Williamsmouth,Vermont,East
ORD-1418,1,05-10-2025,09-10-2025,First Class,Returned,Credit Card,3,0,1948.68,CUST-0030,Colleen Lee,erica21@example.net,+1-504-470-9521x4562,842 Sloan Orchard Suite 517,Kimberlybury,Rhode Island,10370,United States,Consumer,15-04-2021,PROD-0005,Argon Binder 880,Office Supplies,Binders,Crestline,649.56,31.17,"Wolfe, Sloan and Johnson",Reunion,SP-009,John Guerrero,maypaul@mcclure-wood.info,North,Tanya Buchanan,07-11-2018,ST-05,West Richard,South Carolina,East
ORD-1419,3,16-02-2026,28-02-2026,Same Day,Cancelled,Debit Card,2,0.05,574.07,CUST-0085,James Hernandez,tranrobin@example.net,+1-263-453-6541x9518,061 Cline Trail,Port Michellebury,Arizona,41224,United States,Corporate,21-03-2022,PROD-0015,Argon Laptop 919,Electronics,Laptops,Zenith,302.14,7.69,Guzman Inc,Malta,SP-007,Deborah Campbell,codylong@larsen.biz,South,Kevin Thompson,09-02-2019,ST-06,Williamsmouth,Vermont,East
ORD-1420,1,26-06-2025,27-06-2025,Second Class,Shipped,Store Credit,4,0,1114.36,CUST-0076,James Lopez,angelaburns@example.org,(557)890-5072,7677 Christopher Burgs Apt. 404,New Paul,Rhode Island,29971,United States,Corporate,09-04-2023,PROD-0011,Zenith Desk 824,Furniture,Desks,Nova,278.59,36.23,Kelly-Combs,Tanzania,SP-011,Crystal Brown,acardenas@mcdaniel.com,South,Kevin Thompson,10-06-2021,ST-07,North Julie,Louisiana,South
ORD-1421,1,25-11-2025,26-11-2025,Same Day,Returned,Store Credit,3,0,315.96,CUST-0006,Michael Lewis,jenniferkhan@example.net,337.263.1165x6670,513 James Mission Apt. 624,North Micheleland,North Carolina,61138,United States,Corporate,31-10-2021,PROD-0058,Meridian Chair 706,Furniture,Chairs,Nova,105.32,17.2,"Yu, Banks and Thompson",Monaco,SP-010,Dennis Hood,hernandezheather@miller.net,Central,Zachary Sanford,25-01-2021,ST-03,Natalieview,Missouri,South
ORD-1422,3,30-06-2026,02-07-2026,Same Day,Cancelled,Debit Card,4,0.05,2421.7,CUST-0082,Bradley Tran,kimberly04@example.org,398.236.4037x61379,2696 Payne Extensions Suite 109,Edwardsberg,Kansas,9352,United States,Corporate,26-08-2020,PROD-0002,Meridian Kitchen 710,Appliances,Kitchen,Falcon,637.29,38.85,Guzman Inc,Malta,SP-012,Steven Klein,davidtodd@rush.com,South,Kevin Thompson,08-06-2023,ST-05,West Richard,South Carolina,East
ORD-1423,3,07-11-2024,17-11-2024,First Class,Shipped,PayPal,3,0.1,1355,CUST-0029,Megan Moore,llandry@example.com,+1-664-674-3671x3695,640 Renee Summit,Stevetown,New Jersey,65608,United States,Consumer,29-09-2024,PROD-0054,Meridian Chair 438,Furniture,Chairs,Falcon,501.85,8.35,Guzman Inc,Malta,SP-007,Deborah Campbell,codylong@larsen.biz,South,Kevin Thompson,09-02-2019,ST-03,Natalieview,Missouri,South
ORD-1424,1,31-07-2025,04-08-2025,Standard Class,Delivered,Debit Card,7,0.05,337.29,CUST-0059,Timothy Smith,wyoung@example.com,649-390-4530x17426,9332 Hernandez Summit Suite 687,South Elizabethburgh,Florida,99768,United States,Home Office,09-04-2023,PROD-0039,Pinecrest Paper 282,Office Supplies,Paper,Pinecrest,50.72,23.9,Thompson PLC,Ghana,SP-010,Dennis Hood,hernandezheather@miller.net,Central,Zachary Sanford,25-01-2021,ST-02,North Annaville,Maine,Central
ORD-1425,1,23-08-2025,26-08-2025,Same Day,Returned,Store Credit,10,0,5884.3,CUST-0067,Jennifer Smith,amanda40@example.net,001-762-611-8233x984,56793 Kevin Views Apt. 016,Hopkinstown,Alabama,50211,United States,Corporate,20-06-2022,PROD-0056,Meridian Label 651,Office Supplies,Labels,Voltura,588.43,10.99,Oconnor Group,Somalia,SP-009,John Guerrero,maypaul@mcclure-wood.info,North,Tanya Buchanan,07-11-2018,ST-07,North Julie,Louisiana,South
ORD-1426,1,05-09-2024,07-09-2024,Standard Class,Cancelled,Store Credit,8,0.15,5918.72,CUST-0005,Beth Keller,josephbrennan@example.com,383.546.5787,50983 Adrian Station,Lake Toddland,Wisconsin,83220,United States,Corporate,16-11-2020,PROD-0057,Argon Kitchen 784,Appliances,Kitchen,Meridian,870.4,33.64,Guzman Inc,Malta,SP-013,Jay Mcneil,oharris@flowers.com,South,Kevin Thompson,18-01-2024,ST-02,North Annaville,Maine,Central
ORD-1427,1,15-06-2026,27-06-2026,Same Day,Cancelled,PayPal,9,0.05,6389.33,CUST-0054,Andrew Reeves,jstone@example.net,925.695.2694x95888,55169 Robles Stream Apt. 974,New William,North Carolina,86430,United States,Home Office,30-06-2024,PROD-0024,Zenith Label 109,Office Supplies,Labels,Falcon,747.29,22.56,Thompson-Johnson,Azerbaijan,SP-014,Andrea Hughes,rarnold@ellis.org,West,Tiffany Fry,09-02-2022,ST-01,Rodriguezberg,Georgia,North
ORD-1428,2,06-04-2026,13-04-2026,Second Class,Delivered,PayPal,3,0,292.77,CUST-0076,James Lopez,angelaburns@example.org,(557)890-5072,7677 Christopher Burgs Apt. 404,New Paul,Rhode Island,29971,United States,Corporate,09-04-2023,PROD-0052,Voltura Label 381,Office Supplies,Labels,Falcon,97.59,11.5,Schroeder PLC,Tokelau,SP-012,Steven Klein,davidtodd@rush.com,South,Kevin Thompson,08-06-2023,ST-02,North Annaville,Maine,Central
ORD-1429,3,20-07-2025,25-07-2025,Standard Class,Returned,Store Credit,4,0,3481.6,CUST-0077,Kathleen Dixon,adamsamy@example.com,-7323,1713 Lisa Radial Suite 962,Port Stephen,West Virginia,81261,United States,Home Office,12-04-2021,PROD-0057,Argon Kitchen 784,Appliances,Kitchen,Meridian,870.4,33.64,Guzman Inc,Malta,SP-009,John Guerrero,maypaul@mcclure-wood.info,North,Tanya Buchanan,07-11-2018,ST-07,North Julie,Louisiana,South
ORD-1430,2,07-08-2025,18-08-2025,Same Day,Processing,Credit Card,4,0.15,3983.34,CUST-0016,Tommy Evans,acastaneda@example.net,001-489-937-3467x0656,806 Christopher Meadow,Port Nicoleshire,Missouri,18287,United States,Corporate,30-11-2024,PROD-0034,Voltura Vacuum 985,Appliances,Vacuums,Crestline,1171.57,32.45,"Yu, Banks and Thompson",Monaco,SP-001,Lance Mccall,daniellegarcia@taylor-mcgee.com,North,Tanya Buchanan,30-08-2020,ST-07,North Julie,Louisiana,South
ORD-1431,3,05-06-2026,10-06-2026,First Class,Returned,PayPal,9,0.05,2122.97,CUST-0020,Michael West,davisjeffrey@example.net,749.757.8856,4431 Leslie Summit Apt. 337,Freemanbury,Vermont,36742,United States,Home Office,16-03-2024,PROD-0028,Voltura Bookcase 834,Furniture,Bookcases,Argon,248.3,25.41,Copeland Group,Mauritius,SP-011,Crystal Brown,acardenas@mcdaniel.com,South,Kevin Thompson,10-06-2021,ST-05,West Richard,South Carolina,East
ORD-1432,3,08-12-2024,15-12-2024,Same Day,Shipped,PayPal,9,0.2,7209.58,CUST-0088,Ann Aguirre,margaret90@example.org,521-335-6804x42067,21003 James Locks Suite 199,South Kyle,Kentucky,34425,United States,Small Business,03-03-2025,PROD-0026,Pinecrest Phone 261,Electronics,Phones,Falcon,1001.33,28.17,Thompson-Johnson,Azerbaijan,SP-013,Jay Mcneil,oharris@flowers.com,South,Kevin Thompson,18-01-2024,ST-04,Armstrongfort,Arizona,West
ORD-1433,3,27-09-2025,02-10-2025,Same Day,Shipped,Credit Card,10,0,10310.2,CUST-0072,Erika Ramirez,kdiaz@example.org,001-382-880-7374,43426 Jones Rapid Suite 968,Jessicafort,Oregon,66903,United States,Home Office,14-03-2025,PROD-0036,Zenith Bookcase 491,Furniture,Bookcases,Nova,1031.02,8.98,"Wolfe, Sloan and Johnson",Reunion,SP-008,Lori Castillo,johnsongeorge@rowland-wells.com,South,Kevin Thompson,07-06-2020,ST-05,West Richard,South Carolina,East
ORD-1434,2,16-01-2026,18-01-2026,First Class,Returned,Store Credit,4,0.1,3585.85,CUST-0030,Colleen Lee,erica21@example.net,+1-504-470-9521x4562,842 Sloan Orchard Suite 517,Kimberlybury,Rhode Island,10370,United States,Consumer,15-04-2021,PROD-0029,Nova Label 194,Office Supplies,Labels,Meridian,996.07,1.86,Copeland Group,Mauritius,SP-013,Jay Mcneil,oharris@flowers.com,South,Kevin Thompson,18-01-2024,ST-03,Natalieview,Missouri,South
ORD-1435,1,02-11-2024,05-11-2024,Standard Class,Shipped,Bank Transfer,7,0.15,3335.93,CUST-0090,Zachary Stephens,mayokimberly@example.com,587.259.8564x2059,78593 Craig Shoals Apt. 480,South James,North Dakota,29259,United States,Corporate,18-06-2023,PROD-0044,Voltura Accessorie 540,Electronics,Accessories,Argon,560.66,17.74,Copeland Group,Mauritius,SP-012,Steven Klein,davidtodd@rush.com,South,Kevin Thompson,08-06-2023,ST-01,Rodriguezberg,Georgia,North
ORD-1436,1,11-05-2025,16-05-2025,Standard Class,Cancelled,Bank Transfer,4,0,993.2,CUST-0077,Kathleen Dixon,adamsamy@example.com,-7323,1713 Lisa Radial Suite 962,Port Stephen,West Virginia,81261,United States,Home Office,12-04-2021,PROD-0028,Voltura Bookcase 834,Furniture,Bookcases,Argon,248.3,25.41,Copeland Group,Mauritius,SP-002,Mark Mccarty,sean43@steele.com,East,Michael Anderson,22-04-2023,ST-02,North Annaville,Maine,Central
ORD-1437,1,13-10-2025,25-10-2025,Same Day,Cancelled,Credit Card,10,0,3947.9,CUST-0079,Diana Mayer,shawn75@example.net,5179518636,4589 Ashlee Oval Suite 001,Hayesland,Montana,82575,United States,Small Business,02-07-2024,PROD-0042,Pinecrest Accessorie 782,Electronics,Accessories,Meridian,394.79,27.92,Peterson and Sons,Uruguay,SP-009,John Guerrero,maypaul@mcclure-wood.info,North,Tanya Buchanan,07-11-2018,ST-05,West Richard,South Carolina,East
ORD-1438,3,08-05-2026,12-05-2026,Second Class,Returned,Debit Card,1,0.2,459.99,CUST-0026,Veronica Sanchez,patrickweeks@example.net,001-921-446-5840x4499,755 Gibson Islands Apt. 396,Williamview,Nebraska,31114,United States,Corporate,11-11-2024,PROD-0055,Nova Heater 977,Appliances,Heaters,Meridian,574.99,37.72,"Yu, Banks and Thompson",Monaco,SP-011,Crystal Brown,acardenas@mcdaniel.com,South,Kevin Thompson,10-06-2021,ST-05,West Richard,South Carolina,East
ORD-1439,1,04-08-2025,15-08-2025,First Class,Cancelled,PayPal,1,0,138.3,CUST-0087,Angela Davis,danafoster@example.net,001-706-723-4456,3132 Eric Expressway Suite 756,Haynesstad,New Jersey,16326,United States,Small Business,06-04-2023,PROD-0003,Pinecrest Laptop 887,Electronics,Laptops,Argon,138.3,17.45,Schroeder PLC,Tokelau,SP-006,Matthew Lawson,gmoore@harris-lee.net,North,Tanya Buchanan,30-11-2022,ST-04,Armstrongfort,Arizona,West
ORD-1440,3,09-05-2025,18-05-2025,Standard Class,Delivered,Store Credit,1,0.15,851.13,CUST-0086,Elizabeth Dean,frichardson@example.org,001-883-620-6038x5050,83670 Jennifer Course,Smithborough,Maine,6255,United States,Home Office,10-03-2025,PROD-0026,Pinecrest Phone 261,Electronics,Phones,Falcon,1001.33,28.17,Thompson-Johnson,Azerbaijan,SP-007,Deborah Campbell,codylong@larsen.biz,South,Kevin Thompson,09-02-2019,ST-04,Armstrongfort,Arizona,West
ORD-1441,3,18-07-2026,24-07-2026,Second Class,Cancelled,Bank Transfer,5,0,2746.1,CUST-0037,Todd Carlson,moorekaren@example.org,+1-814-376-7976x43815,978 Williams Locks Apt. 034,Ericport,Washington,28187,United States,Small Business,02-06-2024,PROD-0047,Falcon Laptop 725,Electronics,Laptops,Zenith,549.22,35.46,Meza-Elliott,Mongolia,SP-014,Andrea Hughes,rarnold@ellis.org,West,Tiffany Fry,09-02-2022,ST-06,Williamsmouth,Vermont,East
ORD-1442,3,01-06-2026,08-06-2026,Standard Class,Returned,PayPal,9,0,1688.85,CUST-0074,Kelly Bailey,kimheather@example.com,440-410-5123,673 Soto Ferry Suite 609,West Larry,New Jersey,26364,United States,Home Office,30-10-2022,PROD-0001,Nova Table 981,Furniture,Tables,Zenith,187.65,6.48,Thompson PLC,Ghana,SP-005,Christopher Bennett,paynerachael@morgan.info,North,Tanya Buchanan,23-10-2022,ST-03,Natalieview,Missouri,South
ORD-1443,3,09-02-2026,18-02-2026,Same Day,Cancelled,Store Credit,10,0,3217.4,CUST-0044,Jennifer Sanders,joe15@example.org,4519522047,010 Lewis Drive Suite 143,Port Shannon,Minnesota,39973,United States,Consumer,11-03-2021,PROD-0008,Falcon Phone 662,Electronics,Phones,Crestline,321.74,34.91,"Wolfe, Sloan and Johnson",Reunion,SP-013,Jay Mcneil,oharris@flowers.com,South,Kevin Thompson,18-01-2024,ST-05,West Richard,South Carolina,East
ORD-1444,1,16-02-2025,24-02-2025,Same Day,Delivered,PayPal,8,0.1,8210.16,CUST-0062,Monica Walker,avilatiffany@example.com,+1-886-286-3375x24310,11907 John Cape,Davidside,Montana,53226,United States,Corporate,11-10-2022,PROD-0050,Falcon Monitor 783,Electronics,Monitors,Argon,1140.3,35.67,"Wolfe, Sloan and Johnson",Reunion,SP-004,Sean Curtis,franciscojones@phillips.com,North,Tanya Buchanan,17-04-2024,ST-06,Williamsmouth,Vermont,East
ORD-1445,2,06-07-2026,17-07-2026,Same Day,Processing,Store Credit,4,0.2,522.53,CUST-0009,Daniel Baker,nicole35@example.com,(378)449-8084,18244 Jennifer Ford Suite 874,North Stephenshire,Connecticut,7159,United States,Small Business,16-01-2021,PROD-0025,Voltura Laptop 618,Electronics,Laptops,Pinecrest,163.29,14.03,Peterson and Sons,Uruguay,SP-011,Crystal Brown,acardenas@mcdaniel.com,South,Kevin Thompson,10-06-2021,ST-04,Armstrongfort,Arizona,West
ORD-1446,2,11-07-2026,15-07-2026,First Class,Delivered,Store Credit,5,0,938.25,CUST-0069,David Jones,unovak@example.org,+1-647-573-5866x2961,42626 Ward Course,New Juliestad,Arkansas,1181,United States,Consumer,18-04-2025,PROD-0001,Nova Table 981,Furniture,Tables,Zenith,187.65,6.48,Thompson PLC,Ghana,SP-012,Steven Klein,davidtodd@rush.com,South,Kevin Thompson,08-06-2023,ST-05,West Richard,South Carolina,East
ORD-1447,1,28-06-2025,02-07-2025,Second Class,Cancelled,Debit Card,10,0,10023.4,CUST-0023,Andrea Hall,kristin93@example.com,683-624-2102,74648 Kim Rapid Apt. 659,East Keithport,Vermont,33317,United States,Small Business,17-09-2020,PROD-0031,Crestline Laptop 658,Electronics,Laptops,Nova,1002.34,23.34,Thompson PLC,Ghana,SP-006,Matthew Lawson,gmoore@harris-lee.net,North,Tanya Buchanan,30-11-2022,ST-06,Williamsmouth,Vermont,East
ORD-1448,1,06-11-2024,10-11-2024,First Class,Shipped,Credit Card,4,0,3155.96,CUST-0031,Tracy Ballard,christopher60@example.com,-11121,859 Deborah Roads,Port Erica,Utah,61353,United States,Small Business,16-02-2025,PROD-0048,Meridian Table 349,Furniture,Tables,Crestline,788.99,0.32,Smith-Hardin,Cook Islands,SP-004,Sean Curtis,franciscojones@phillips.com,North,Tanya Buchanan,17-04-2024,ST-05,West Richard,South Carolina,East
ORD-1449,3,29-05-2025,08-06-2025,Standard Class,Cancelled,PayPal,1,0.2,206.34,CUST-0016,Tommy Evans,acastaneda@example.net,001-489-937-3467x0656,806 Christopher Meadow,Port Nicoleshire,Missouri,18287,United States,Corporate,30-11-2024,PROD-0059,Pinecrest Vacuum 488,Appliances,Vacuums,Argon,257.93,13.14,Kelly-Combs,Tanzania,SP-002,Mark Mccarty,sean43@steele.com,East,Michael Anderson,22-04-2023,ST-08,Andrewport,Maryland,Central
ORD-1450,3,25-12-2025,02-01-2026,First Class,Cancelled,Debit Card,3,0.2,208.51,CUST-0080,William Patterson,nicoleturner@example.com,554-815-2064,103 Miller Ramp,Smithburgh,New Hampshire,30148,United States,Small Business,07-03-2023,PROD-0021,Zenith Chair 971,Furniture,Chairs,Crestline,86.88,2.81,Peterson and Sons,Uruguay,SP-008,Lori Castillo,johnsongeorge@rowland-wells.com,South,Kevin Thompson,07-06-2020,ST-05,West Richard,South Carolina,East
ORD-1451,3,30-01-2026,07-02-2026,First Class,Cancelled,Debit Card,9,0,4336.2,CUST-0074,Kelly Bailey,kimheather@example.com,440-410-5123,673 Soto Ferry Suite 609,West Larry,New Jersey,26364,United States,Home Office,30-10-2022,PROD-0009,Voltura Vacuum 830,Appliances,Vacuums,Pinecrest,481.8,26.9,"Yu, Banks and Thompson",Monaco,SP-001,Lance Mccall,daniellegarcia@taylor-mcgee.com,North,Tanya Buchanan,30-08-2020,ST-07,North Julie,Louisiana,South
ORD-1452,3,07-03-2025,13-03-2025,Second Class,Cancelled,Store Credit,1,0,321.74,CUST-0059,Timothy Smith,wyoung@example.com,649-390-4530x17426,9332 Hernandez Summit Suite 687,South Elizabethburgh,Florida,99768,United States,Home Office,09-04-2023,PROD-0008,Falcon Phone 662,Electronics,Phones,Crestline,321.74,34.91,"Wolfe, Sloan and Johnson",Reunion,SP-012,Steven Klein,davidtodd@rush.com,South,Kevin Thompson,08-06-2023,ST-08,Andrewport,Maryland,Central
ORD-1453,1,26-12-2025,29-12-2025,First Class,Cancelled,Store Credit,9,0,781.92,CUST-0013,Jason Bentley,christinaturner@example.net,9449369957,721 Robertson Roads,Nguyenport,Oklahoma,81668,United States,Corporate,05-04-2022,PROD-0021,Zenith Chair 971,Furniture,Chairs,Crestline,86.88,2.81,Peterson and Sons,Uruguay,SP-006,Matthew Lawson,gmoore@harris-lee.net,North,Tanya Buchanan,30-11-2022,ST-05,West Richard,South Carolina,East
ORD-1454,3,22-04-2026,29-04-2026,First Class,Processing,Bank Transfer,4,0.05,2839.7,CUST-0044,Jennifer Sanders,joe15@example.org,4519522047,010 Lewis Drive Suite 143,Port Shannon,Minnesota,39973,United States,Consumer,11-03-2021,PROD-0024,Zenith Label 109,Office Supplies,Labels,Falcon,747.29,22.56,Thompson-Johnson,Azerbaijan,SP-003,Amber Kim,acosta@macias-bell.biz,South,Kevin Thompson,12-03-2019,ST-08,Andrewport,Maryland,Central
ORD-1455,1,03-01-2026,13-01-2026,First Class,Shipped,Store Credit,4,0.2,3187.42,CUST-0036,Dr. Gregory Hawkins,farmeraudrey@example.com,-10780,0229 Jones Streets Apt. 183,New Williamberg,Texas,49809,United States,Consumer,06-09-2022,PROD-0029,Nova Label 194,Office Supplies,Labels,Meridian,996.07,1.86,Copeland Group,Mauritius,SP-003,Amber Kim,acosta@macias-bell.biz,South,Kevin Thompson,12-03-2019,ST-03,Natalieview,Missouri,South
ORD-1456,1,15-06-2026,18-06-2026,Second Class,Cancelled,Bank Transfer,3,0.05,1638.72,CUST-0056,Raymond Le,chelsea33@example.com,-5143,98665 Kelly Heights Apt. 574,Barrmouth,Ohio,98456,United States,Home Office,23-12-2022,PROD-0055,Nova Heater 977,Appliances,Heaters,Meridian,574.99,37.72,"Yu, Banks and Thompson",Monaco,SP-007,Deborah Campbell,codylong@larsen.biz,South,Kevin Thompson,09-02-2019,ST-04,Armstrongfort,Arizona,West
ORD-1457,3,06-11-2025,14-11-2025,Standard Class,Cancelled,Credit Card,5,0,526.6,CUST-0018,Traci Rodriguez,hickmanbarbara@example.com,(831)793-1491x9058,506 Garcia Lake,Garyville,Wyoming,83808,United States,Corporate,15-01-2025,PROD-0058,Meridian Chair 706,Furniture,Chairs,Nova,105.32,17.2,"Yu, Banks and Thompson",Monaco,SP-014,Andrea Hughes,rarnold@ellis.org,West,Tiffany Fry,09-02-2022,ST-06,Williamsmouth,Vermont,East
ORD-1458,3,25-12-2024,30-12-2024,Standard Class,Cancelled,PayPal,8,0.2,1782.98,CUST-0089,Carl Stein,david70@example.org,001-566-470-6625,7209 Deborah Parks Suite 870,North Wendyborough,Tennessee,11998,United States,Home Office,24-12-2021,PROD-0011,Zenith Desk 824,Furniture,Desks,Nova,278.59,36.23,Kelly-Combs,Tanzania,SP-001,Lance Mccall,daniellegarcia@taylor-mcgee.com,North,Tanya Buchanan,30-08-2020,ST-04,Armstrongfort,Arizona,West
ORD-1459,1,31-10-2025,06-11-2025,First Class,Returned,Debit Card,1,0.05,709.93,CUST-0034,Karen Strickland,hayesjeffrey@example.net,3849700766,15921 Joshua Roads Suite 698,Lake Robert,Delaware,39153,United States,Home Office,07-11-2022,PROD-0024,Zenith Label 109,Office Supplies,Labels,Falcon,747.29,22.56,Thompson-Johnson,Azerbaijan,SP-006,Matthew Lawson,gmoore@harris-lee.net,North,Tanya Buchanan,30-11-2022,ST-05,West Richard,South Carolina,East
ORD-1460,3,01-03-2025,06-03-2025,Same Day,Cancelled,Credit Card,6,0,4762.44,CUST-0074,Kelly Bailey,kimheather@example.com,440-410-5123,673 Soto Ferry Suite 609,West Larry,New Jersey,26364,United States,Home Office,30-10-2022,PROD-0037,Voltura Fan 328,Appliances,Fans,Nova,793.74,16,Copeland Group,Mauritius,SP-011,Crystal Brown,acardenas@mcdaniel.com,South,Kevin Thompson,10-06-2021,ST-03,Natalieview,Missouri,South
ORD-1461,1,10-04-2025,21-04-2025,First Class,Cancelled,Store Credit,3,0.2,742.54,CUST-0049,Steven Wallace,cochrantammy@example.com,+1-451-588-4422x58313,58957 Cheryl Corners Apt. 467,Gonzalezberg,California,69404,United States,Corporate,21-08-2022,PROD-0040,Zenith Storage 494,Office Supplies,Storage,Voltura,309.39,28.38,Guzman Inc,Malta,SP-005,Christopher Bennett,paynerachael@morgan.info,North,Tanya Buchanan,23-10-2022,ST-08,Andrewport,Maryland,Central
ORD-1462,1,05-12-2025,07-12-2025,First Class,Processing,PayPal,3,0,3003.99,CUST-0074,Kelly Bailey,kimheather@example.com,440-410-5123,673 Soto Ferry Suite 609,West Larry,New Jersey,26364,United States,Home Office,30-10-2022,PROD-0026,Pinecrest Phone 261,Electronics,Phones,Falcon,1001.33,28.17,Thompson-Johnson,Azerbaijan,SP-014,Andrea Hughes,rarnold@ellis.org,West,Tiffany Fry,09-02-2022,ST-02,North Annaville,Maine,Central
ORD-1463,2,19-07-2026,24-07-2026,Same Day,Cancelled,Debit Card,8,0.2,324.61,CUST-0035,Patricia Le,russellbeasley@example.com,376-361-5654x52711,52809 Santiago Loop Suite 604,Garciaville,Tennessee,79197,United States,Home Office,22-02-2022,PROD-0039,Pinecrest Paper 282,Office Supplies,Paper,Pinecrest,50.72,23.9,Thompson PLC,Ghana,SP-011,Crystal Brown,acardenas@mcdaniel.com,South,Kevin Thompson,10-06-2021,ST-07,North Julie,Louisiana,South
ORD-1464,2,19-11-2025,01-12-2025,Standard Class,Shipped,Debit Card,4,0.15,1954.97,CUST-0024,Alicia Hubbard,barbara27@example.net,+1-374-429-6717x5655,7468 Shawn Island Suite 516,Lake Mary,Oregon,67950,United States,Home Office,15-09-2024,PROD-0055,Nova Heater 977,Appliances,Heaters,Meridian,574.99,37.72,"Yu, Banks and Thompson",Monaco,SP-001,Lance Mccall,daniellegarcia@taylor-mcgee.com,North,Tanya Buchanan,30-08-2020,ST-03,Natalieview,Missouri,South
ORD-1465,1,02-07-2026,10-07-2026,Same Day,Returned,Credit Card,9,0,966.24,CUST-0051,Patricia Baker,katiebutler@example.net,9783447364,76773 Lawson Island,Port Michelleland,Arizona,94658,United States,Small Business,07-03-2022,PROD-0007,Voltura Binder 999,Office Supplies,Binders,Zenith,107.36,19.49,Kelly-Combs,Tanzania,SP-002,Mark Mccarty,sean43@steele.com,East,Michael Anderson,22-04-2023,ST-02,North Annaville,Maine,Central
ORD-1466,1,04-08-2025,06-08-2025,Second Class,Processing,Bank Transfer,7,0,1426.18,CUST-0014,Angel Riggs,gibsonolivia@example.net,567.463.2016,83172 Contreras Points Suite 798,Lake Lance,Illinois,56434,United States,Corporate,25-09-2024,PROD-0017,Nova Kitchen 195,Appliances,Kitchen,Voltura,203.74,19.48,Kelly-Combs,Tanzania,SP-010,Dennis Hood,hernandezheather@miller.net,Central,Zachary Sanford,25-01-2021,ST-03,Natalieview,Missouri,South
ORD-1467,2,21-12-2025,22-12-2025,First Class,Cancelled,Bank Transfer,1,0.15,409.53,CUST-0081,Jennifer Anderson MD,zdavis@example.org,255-442-6221,3269 Heath Corners Apt. 219,Smithmouth,Delaware,96184,United States,Small Business,03-07-2022,PROD-0009,Voltura Vacuum 830,Appliances,Vacuums,Pinecrest,481.8,26.9,"Yu, Banks and Thompson",Monaco,SP-003,Amber Kim,acosta@macias-bell.biz,South,Kevin Thompson,12-03-2019,ST-03,Natalieview,Missouri,South
ORD-1468,3,24-03-2025,27-03-2025,Same Day,Returned,Bank Transfer,9,0,5103.18,CUST-0070,Cody Cole,fgarcia@example.com,-7259,826 Dominic Hollow,Wardview,Connecticut,35681,United States,Corporate,18-01-2023,PROD-0060,Meridian Fan 358,Appliances,Fans,Zenith,567.02,29.99,"Foster, Garcia and Turner",Burkina Faso,SP-005,Christopher Bennett,paynerachael@morgan.info,North,Tanya Buchanan,23-10-2022,ST-08,Andrewport,Maryland,Central
ORD-1469,1,24-10-2024,30-10-2024,Standard Class,Cancelled,PayPal,8,0.1,5397.62,CUST-0068,Jonathan Hamilton,ariel18@example.org,239.474.0148,39261 Martin Garden Suite 856,Browntown,Vermont,99540,United States,Home Office,12-04-2024,PROD-0041,Meridian Phone 171,Electronics,Phones,Argon,749.67,26.57,Thompson-Johnson,Azerbaijan,SP-011,Crystal Brown,acardenas@mcdaniel.com,South,Kevin Thompson,10-06-2021,ST-05,West Richard,South Carolina,East
ORD-1470,3,15-04-2025,20-04-2025,Second Class,Processing,PayPal,1,0,321.04,CUST-0047,Bradley Coleman,lmorrison@example.net,951-215-4479x6275,640 Emily Lodge Suite 820,Holtstad,North Dakota,19215,United States,Home Office,28-10-2024,PROD-0027,Zenith Accessorie 999,Electronics,Accessories,Crestline,321.04,35.6,"Yu, Banks and Thompson",Monaco,SP-005,Christopher Bennett,paynerachael@morgan.info,North,Tanya Buchanan,23-10-2022,ST-03,Natalieview,Missouri,South
ORD-1471,2,18-07-2025,26-07-2025,First Class,Returned,Debit Card,5,0,4818.35,CUST-0061,Elizabeth Johnson,lisa39@example.org,6658180170,65676 Miller Shore,Elliottside,New Jersey,71188,United States,Corporate,31-03-2021,PROD-0035,Argon Kitchen 901,Appliances,Kitchen,Meridian,963.67,34.58,"Wolfe, Sloan and Johnson",Reunion,SP-001,Lance Mccall,daniellegarcia@taylor-mcgee.com,North,Tanya Buchanan,30-08-2020,ST-08,Andrewport,Maryland,Central
ORD-1472,2,22-09-2025,29-09-2025,Second Class,Shipped,Bank Transfer,9,0.05,8815.22,CUST-0001,Brian Yang,garzaanthony@example.org,538.990.8386,26542 Susan Junction Apt. 161,North Judithbury,Iowa,47553,United States,Consumer,26-10-2024,PROD-0036,Zenith Bookcase 491,Furniture,Bookcases,Nova,1031.02,8.98,"Wolfe, Sloan and Johnson",Reunion,SP-006,Matthew Lawson,gmoore@harris-lee.net,North,Tanya Buchanan,30-11-2022,ST-04,Armstrongfort,Arizona,West
ORD-1473,3,01-12-2025,08-12-2025,First Class,Processing,Store Credit,4,0.1,1087.7,CUST-0049,Steven Wallace,cochrantammy@example.com,+1-451-588-4422x58313,58957 Cheryl Corners Apt. 467,Gonzalezberg,California,69404,United States,Corporate,21-08-2022,PROD-0015,Argon Laptop 919,Electronics,Laptops,Zenith,302.14,7.69,Guzman Inc,Malta,SP-005,Christopher Bennett,paynerachael@morgan.info,North,Tanya Buchanan,23-10-2022,ST-02,North Annaville,Maine,Central
ORD-1474,1,02-06-2025,05-06-2025,Same Day,Returned,Bank Transfer,3,0,963.12,CUST-0035,Patricia Le,russellbeasley@example.com,376-361-5654x52711,52809 Santiago Loop Suite 604,Garciaville,Tennessee,79197,United States,Home Office,22-02-2022,PROD-0027,Zenith Accessorie 999,Electronics,Accessories,Crestline,321.04,35.6,"Yu, Banks and Thompson",Monaco,SP-004,Sean Curtis,franciscojones@phillips.com,North,Tanya Buchanan,17-04-2024,ST-02,North Annaville,Maine,Central
ORD-1475,1,29-01-2026,02-02-2026,Standard Class,Returned,Credit Card,6,0,2064.72,CUST-0035,Patricia Le,russellbeasley@example.com,376-361-5654x52711,52809 Santiago Loop Suite 604,Garciaville,Tennessee,79197,United States,Home Office,22-02-2022,PROD-0045,Crestline Table 774,Furniture,Tables,Zenith,344.12,26.59,"Foster, Garcia and Turner",Burkina Faso,SP-010,Dennis Hood,hernandezheather@miller.net,Central,Zachary Sanford,25-01-2021,ST-08,Andrewport,Maryland,Central
ORD-1476,1,08-04-2026,11-04-2026,Second Class,Delivered,Debit Card,8,0.15,730.05,CUST-0024,Alicia Hubbard,barbara27@example.net,+1-374-429-6717x5655,7468 Shawn Island Suite 516,Lake Mary,Oregon,67950,United States,Home Office,15-09-2024,PROD-0007,Voltura Binder 999,Office Supplies,Binders,Zenith,107.36,19.49,Kelly-Combs,Tanzania,SP-005,Christopher Bennett,paynerachael@morgan.info,North,Tanya Buchanan,23-10-2022,ST-05,West Richard,South Carolina,East
ORD-1477,2,26-02-2025,05-03-2025,First Class,Cancelled,Credit Card,5,0.2,4317.12,CUST-0002,Thomas Miller,maria95@example.net,610.934.1316,55341 Amanda Gardens Apt. 764,Lindsaymouth,Ohio,84387,United States,Consumer,09-01-2024,PROD-0032,Nova Table 415,Furniture,Tables,Argon,1079.28,31.87,"Wolfe, Sloan and Johnson",Reunion,SP-004,Sean Curtis,franciscojones@phillips.com,North,Tanya Buchanan,17-04-2024,ST-06,Williamsmouth,Vermont,East
ORD-1478,2,12-04-2026,13-04-2026,Standard Class,Returned,Bank Transfer,5,0.2,4220.28,CUST-0043,Emily Stokes,mmckee@example.com,+1-297-974-6886x23924,181 Miller Estates Suite 782,Karenmouth,Iowa,57841,United States,Corporate,15-01-2021,PROD-0006,Nova Accessorie 214,Electronics,Accessories,Argon,1055.07,33.28,Smith-Hardin,Cook Islands,SP-014,Andrea Hughes,rarnold@ellis.org,West,Tiffany Fry,09-02-2022,ST-03,Natalieview,Missouri,South
ORD-1479,3,14-03-2026,21-03-2026,Second Class,Cancelled,Bank Transfer,1,0,232.54,CUST-0024,Alicia Hubbard,barbara27@example.net,+1-374-429-6717x5655,7468 Shawn Island Suite 516,Lake Mary,Oregon,67950,United States,Home Office,15-09-2024,PROD-0013,Falcon Vacuum 926,Appliances,Vacuums,Meridian,232.54,3.97,"Foster, Garcia and Turner",Burkina Faso,SP-014,Andrea Hughes,rarnold@ellis.org,West,Tiffany Fry,09-02-2022,ST-05,West Richard,South Carolina,East
ORD-1480,3,18-08-2025,26-08-2025,Second Class,Cancelled,Bank Transfer,2,0.1,1420.18,CUST-0032,Andrew Ferrell,davispaige@example.org,(275)786-9261x7964,7351 Stephens Rue,Debraville,Florida,47513,United States,Consumer,19-11-2020,PROD-0048,Meridian Table 349,Furniture,Tables,Crestline,788.99,0.32,Smith-Hardin,Cook Islands,SP-001,Lance Mccall,daniellegarcia@taylor-mcgee.com,North,Tanya Buchanan,30-08-2020,ST-04,Armstrongfort,Arizona,West
ORD-1481,3,19-08-2024,30-08-2024,Standard Class,Processing,Bank Transfer,1,0.15,515.02,CUST-0088,Ann Aguirre,margaret90@example.org,521-335-6804x42067,21003 James Locks Suite 199,South Kyle,Kentucky,34425,United States,Small Business,03-03-2025,PROD-0020,Nova Accessorie 698,Electronics,Accessories,Falcon,605.91,34.12,Kelly-Combs,Tanzania,SP-006,Matthew Lawson,gmoore@harris-lee.net,North,Tanya Buchanan,30-11-2022,ST-03,Natalieview,Missouri,South
ORD-1482,1,15-11-2024,16-11-2024,Same Day,Processing,Credit Card,4,0,2423.64,CUST-0082,Bradley Tran,kimberly04@example.org,398.236.4037x61379,2696 Payne Extensions Suite 109,Edwardsberg,Kansas,9352,United States,Corporate,26-08-2020,PROD-0020,Nova Accessorie 698,Electronics,Accessories,Falcon,605.91,34.12,Kelly-Combs,Tanzania,SP-004,Sean Curtis,franciscojones@phillips.com,North,Tanya Buchanan,17-04-2024,ST-06,Williamsmouth,Vermont,East
ORD-1483,1,03-12-2025,10-12-2025,Same Day,Returned,Debit Card,4,0,2171.32,CUST-0022,Rachel Perez,chayes@example.com,001-564-699-0913,32812 Ricky Spurs,North Angela,Nebraska,78333,United States,Corporate,07-12-2022,PROD-0051,Crestline Heater 861,Appliances,Heaters,Falcon,542.83,30.1,"Yu, Banks and Thompson",Monaco,SP-005,Christopher Bennett,paynerachael@morgan.info,North,Tanya Buchanan,23-10-2022,ST-02,North Annaville,Maine,Central
ORD-1484,3,25-12-2024,28-12-2024,First Class,Delivered,Credit Card,8,0,9122.4,CUST-0048,Holly Reyes,jacobserika@example.com,(271)492-8565x431,681 Hampton Squares Suite 394,Johnsonland,Kansas,91462,United States,Consumer,01-03-2025,PROD-0050,Falcon Monitor 783,Electronics,Monitors,Argon,1140.3,35.67,"Wolfe, Sloan and Johnson",Reunion,SP-002,Mark Mccarty,sean43@steele.com,East,Michael Anderson,22-04-2023,ST-04,Armstrongfort,Arizona,West
ORD-1485,2,31-01-2026,03-02-2026,First Class,Cancelled,Debit Card,8,0,3158.32,CUST-0046,Nicole Anderson,amy27@example.net,822.917.0430x3054,34505 Martinez Land Suite 676,West Johnville,Wyoming,44939,United States,Corporate,14-06-2025,PROD-0042,Pinecrest Accessorie 782,Electronics,Accessories,Meridian,394.79,27.92,Peterson and Sons,Uruguay,SP-003,Amber Kim,acosta@macias-bell.biz,South,Kevin Thompson,12-03-2019,ST-02,North Annaville,Maine,Central
ORD-1486,1,26-11-2024,08-12-2024,Same Day,Cancelled,Store Credit,3,0,1032.36,CUST-0003,Crystal Johnson,richard13@example.net,001-653-876-7242x388,3287 Katelyn Wall Apt. 226,Lake Mark,Wyoming,78673,United States,Home Office,25-11-2020,PROD-0045,Crestline Table 774,Furniture,Tables,Zenith,344.12,26.59,"Foster, Garcia and Turner",Burkina Faso,SP-007,Deborah Campbell,codylong@larsen.biz,South,Kevin Thompson,09-02-2019,ST-06,Williamsmouth,Vermont,East
ORD-1487,3,26-02-2025,02-03-2025,First Class,Processing,Bank Transfer,10,0,9636.7,CUST-0038,Jeffrey Anderson MD,vincentwhitaker@example.com,860-860-7159,1605 Laurie River Suite 516,Keithville,Alabama,14376,United States,Consumer,19-10-2021,PROD-0035,Argon Kitchen 901,Appliances,Kitchen,Meridian,963.67,34.58,"Wolfe, Sloan and Johnson",Reunion,SP-012,Steven Klein,davidtodd@rush.com,South,Kevin Thompson,08-06-2023,ST-08,Andrewport,Maryland,Central
ORD-1488,2,31-01-2025,02-02-2025,First Class,Processing,Store Credit,9,0,5295.87,CUST-0036,Dr. Gregory Hawkins,farmeraudrey@example.com,-10780,0229 Jones Streets Apt. 183,New Williamberg,Texas,49809,United States,Consumer,06-09-2022,PROD-0056,Meridian Label 651,Office Supplies,Labels,Voltura,588.43,10.99,Oconnor Group,Somalia,SP-014,Andrea Hughes,rarnold@ellis.org,West,Tiffany Fry,09-02-2022,ST-03,Natalieview,Missouri,South
ORD-1489,3,06-04-2026,18-04-2026,First Class,Returned,Debit Card,3,0,1992.78,CUST-0047,Bradley Coleman,lmorrison@example.net,951-215-4479x6275,640 Emily Lodge Suite 820,Holtstad,North Dakota,19215,United States,Home Office,28-10-2024,PROD-0030,Pinecrest Binder 265,Office Supplies,Binders,Falcon,664.26,17.16,Schroeder PLC,Tokelau,SP-001,Lance Mccall,daniellegarcia@taylor-mcgee.com,North,Tanya Buchanan,30-08-2020,ST-07,North Julie,Louisiana,South
ORD-1490,2,18-12-2025,22-12-2025,Second Class,Returned,PayPal,9,0.15,4201.53,CUST-0042,Susan Davis DDS,andrew42@example.org,473-832-2141x88805,29270 Diaz Stravenue,Lake Jacqueline,West Virginia,31634,United States,Home Office,06-06-2025,PROD-0047,Falcon Laptop 725,Electronics,Laptops,Zenith,549.22,35.46,Meza-Elliott,Mongolia,SP-002,Mark Mccarty,sean43@steele.com,East,Michael Anderson,22-04-2023,ST-07,North Julie,Louisiana,South
ORD-1491,3,04-03-2025,06-03-2025,Standard Class,Delivered,Debit Card,2,0.1,577.87,CUST-0042,Susan Davis DDS,andrew42@example.org,473-832-2141x88805,29270 Diaz Stravenue,Lake Jacqueline,West Virginia,31634,United States,Home Office,06-06-2025,PROD-0027,Zenith Accessorie 999,Electronics,Accessories,Crestline,321.04,35.6,"Yu, Banks and Thompson",Monaco,SP-011,Crystal Brown,acardenas@mcdaniel.com,South,Kevin Thompson,10-06-2021,ST-06,Williamsmouth,Vermont,East
ORD-1492,1,02-02-2026,04-02-2026,Standard Class,Returned,Bank Transfer,8,0,4707.44,CUST-0023,Andrea Hall,kristin93@example.com,683-624-2102,74648 Kim Rapid Apt. 659,East Keithport,Vermont,33317,United States,Small Business,17-09-2020,PROD-0056,Meridian Label 651,Office Supplies,Labels,Voltura,588.43,10.99,Oconnor Group,Somalia,SP-001,Lance Mccall,daniellegarcia@taylor-mcgee.com,North,Tanya Buchanan,30-08-2020,ST-04,Armstrongfort,Arizona,West
ORD-1493,3,24-08-2024,25-08-2024,Standard Class,Delivered,Debit Card,6,0,6475.68,CUST-0085,James Hernandez,tranrobin@example.net,+1-263-453-6541x9518,061 Cline Trail,Port Michellebury,Arizona,41224,United States,Corporate,21-03-2022,PROD-0032,Nova Table 415,Furniture,Tables,Argon,1079.28,31.87,"Wolfe, Sloan and Johnson",Reunion,SP-009,John Guerrero,maypaul@mcclure-wood.info,North,Tanya Buchanan,07-11-2018,ST-05,West Richard,South Carolina,East
ORD-1494,3,19-03-2026,27-03-2026,Same Day,Processing,Credit Card,1,0,1079.28,CUST-0084,Chad Smith,hbenton@example.net,001-642-352-4105x6481,8507 Michael Glens Apt. 913,West Elizabethburgh,Delaware,97596,United States,Corporate,16-02-2023,PROD-0032,Nova Table 415,Furniture,Tables,Argon,1079.28,31.87,"Wolfe, Sloan and Johnson",Reunion,SP-014,Andrea Hughes,rarnold@ellis.org,West,Tiffany Fry,09-02-2022,ST-02,North Annaville,Maine,Central
ORD-1495,2,14-10-2024,26-10-2024,Standard Class,Shipped,Store Credit,2,0.2,12.13,CUST-0079,Diana Mayer,shawn75@example.net,5179518636,4589 Ashlee Oval Suite 001,Hayesland,Montana,82575,United States,Small Business,02-07-2024,PROD-0018,Nova Table 268,Furniture,Tables,Meridian,7.58,15.68,"Yu, Banks and Thompson",Monaco,SP-009,John Guerrero,maypaul@mcclure-wood.info,North,Tanya Buchanan,07-11-2018,ST-01,Rodriguezberg,Georgia,North
ORD-1496,1,27-04-2026,06-05-2026,Second Class,Returned,Debit Card,7,0,751.52,CUST-0013,Jason Bentley,christinaturner@example.net,9449369957,721 Robertson Roads,Nguyenport,Oklahoma,81668,United States,Corporate,05-04-2022,PROD-0007,Voltura Binder 999,Office Supplies,Binders,Zenith,107.36,19.49,Kelly-Combs,Tanzania,SP-012,Steven Klein,davidtodd@rush.com,South,Kevin Thompson,08-06-2023,ST-04,Armstrongfort,Arizona,West
ORD-1497,3,23-01-2026,04-02-2026,First Class,Cancelled,Bank Transfer,2,0.2,1262.38,CUST-0072,Erika Ramirez,kdiaz@example.org,001-382-880-7374,43426 Jones Rapid Suite 968,Jessicafort,Oregon,66903,United States,Home Office,14-03-2025,PROD-0048,Meridian Table 349,Furniture,Tables,Crestline,788.99,0.32,Smith-Hardin,Cook Islands,SP-009,John Guerrero,maypaul@mcclure-wood.info,North,Tanya Buchanan,07-11-2018,ST-07,North Julie,Louisiana,South
ORD-1498,2,25-04-2026,04-05-2026,Second Class,Returned,Store Credit,7,0.1,1755.12,CUST-0014,Angel Riggs,gibsonolivia@example.net,567.463.2016,83172 Contreras Points Suite 798,Lake Lance,Illinois,56434,United States,Corporate,25-09-2024,PROD-0011,Zenith Desk 824,Furniture,Desks,Nova,278.59,36.23,Kelly-Combs,Tanzania,SP-013,Jay Mcneil,oharris@flowers.com,South,Kevin Thompson,18-01-2024,ST-03,Natalieview,Missouri,South
ORD-1499,2,25-01-2026,03-02-2026,Same Day,Cancelled,PayPal,6,0.2,2721.7,CUST-0057,Breanna Gilbert,johnsantiago@example.net,230.416.5712,773 Morris Rue Apt. 193,Port Amanda,Oklahoma,70644,United States,Home Office,10-04-2024,PROD-0060,Meridian Fan 358,Appliances,Fans,Zenith,567.02,29.99,"Foster, Garcia and Turner",Burkina Faso,SP-006,Matthew Lawson,gmoore@harris-lee.net,North,Tanya Buchanan,30-11-2022,ST-06,Williamsmouth,Vermont,East
ORD-1500,2,15-09-2025,22-09-2025,First Class,Cancelled,Bank Transfer,9,0.15,2321.93,CUST-0078,Kim Carlson,mariopadilla@example.com,001-448-512-6042,536 Thomas Roads,Port Jamie,Arkansas,35722,United States,Corporate,21-09-2023,PROD-0016,Crestline Vacuum 385,Appliances,Vacuums,Falcon,303.52,36.94,Guzman Inc,Malta,SP-010,Dennis Hood,hernandezheather@miller.net,Central,Zachary Sanford,25-01-2021,ST-04,Armstrongfort,Arizona,West
ORD-1501,3,21-01-2025,26-01-2025,Second Class,Processing,Credit Card,10,0,1876.5,CUST-0051,Patricia Baker,katiebutler@example.net,9783447364,76773 Lawson Island,Port Michelleland,Arizona,94658,United States,Small Business,07-03-2022,PROD-0001,Nova Table 981,Furniture,Tables,Zenith,187.65,6.48,Thompson PLC,Ghana,SP-012,Steven Klein,davidtodd@rush.com,South,Kevin Thompson,08-06-2023,ST-01,Rodriguezberg,Georgia,North
ORD-1502,3,25-02-2026,26-02-2026,Second Class,Delivered,Credit Card,5,0.1,1359.63,CUST-0039,Connie Maxwell,dixondaniel@example.net,455.423.1243,77997 Lin Road,Warrenfurt,Maryland,41937,United States,Small Business,03-05-2021,PROD-0015,Argon Laptop 919,Electronics,Laptops,Zenith,302.14,7.69,Guzman Inc,Malta,SP-004,Sean Curtis,franciscojones@phillips.com,North,Tanya Buchanan,17-04-2024,ST-06,Williamsmouth,Vermont,East
ORD-1503,1,07-03-2026,12-03-2026,Second Class,Processing,PayPal,6,0.1,2580.98,CUST-0059,Timothy Smith,wyoung@example.com,649-390-4530x17426,9332 Hernandez Summit Suite 687,South Elizabethburgh,Florida,99768,United States,Home Office,09-04-2023,PROD-0023,Argon Storage 344,Office Supplies,Storage,Pinecrest,477.96,26.9,Meza-Elliott,Mongolia,SP-003,Amber Kim,acosta@macias-bell.biz,South,Kevin Thompson,12-03-2019,ST-03,Natalieview,Missouri,South
ORD-1504,2,27-02-2025,11-03-2025,Same Day,Shipped,Bank Transfer,2,0.15,1349.36,CUST-0012,Victor Baker,carlsonmichael@example.com,(798)816-9340x60883,595 Jennifer Hills,Sheilaville,Kentucky,66970,United States,Consumer,16-02-2022,PROD-0037,Voltura Fan 328,Appliances,Fans,Nova,793.74,16,Copeland Group,Mauritius,SP-007,Deborah Campbell,codylong@larsen.biz,South,Kevin Thompson,09-02-2019,ST-04,Armstrongfort,Arizona,West
ORD-1505,3,29-11-2025,09-12-2025,Same Day,Delivered,Credit Card,5,0,1720.6,CUST-0089,Carl Stein,david70@example.org,001-566-470-6625,7209 Deborah Parks Suite 870,North Wendyborough,Tennessee,11998,United States,Home Office,24-12-2021,PROD-0045,Crestline Table 774,Furniture,Tables,Zenith,344.12,26.59,"Foster, Garcia and Turner",Burkina Faso,SP-010,Dennis Hood,hernandezheather@miller.net,Central,Zachary Sanford,25-01-2021,ST-02,North Annaville,Maine,Central
ORD-1506,1,09-06-2026,16-06-2026,Standard Class,Cancelled,Credit Card,2,0.2,764.74,CUST-0043,Emily Stokes,mmckee@example.com,+1-297-974-6886x23924,181 Miller Estates Suite 782,Karenmouth,Iowa,57841,United States,Corporate,15-01-2021,PROD-0023,Argon Storage 344,Office Supplies,Storage,Pinecrest,477.96,26.9,Meza-Elliott,Mongolia,SP-014,Andrea Hughes,rarnold@ellis.org,West,Tiffany Fry,09-02-2022,ST-07,North Julie,Louisiana,South
ORD-1507,2,11-05-2025,20-05-2025,Second Class,Shipped,Credit Card,10,0,11715.7,CUST-0040,Heather Jones,dhayes@example.com,511-799-8679x8079,207 Lisa Villages Suite 182,South Scottport,Louisiana,5631,United States,Consumer,27-10-2021,PROD-0034,Voltura Vacuum 985,Appliances,Vacuums,Crestline,1171.57,32.45,"Yu, Banks and Thompson",Monaco,SP-001,Lance Mccall,daniellegarcia@taylor-mcgee.com,North,Tanya Buchanan,30-08-2020,ST-06,Williamsmouth,Vermont,East
ORD-1508,1,01-07-2026,11-07-2026,Second Class,Cancelled,PayPal,10,0.1,4942.98,CUST-0087,Angela Davis,danafoster@example.net,001-706-723-4456,3132 Eric Expressway Suite 756,Haynesstad,New Jersey,16326,United States,Small Business,06-04-2023,PROD-0047,Falcon Laptop 725,Electronics,Laptops,Zenith,549.22,35.46,Meza-Elliott,Mongolia,SP-007,Deborah Campbell,codylong@larsen.biz,South,Kevin Thompson,09-02-2019,ST-08,Andrewport,Maryland,Central
ORD-1509,3,15-07-2026,17-07-2026,Standard Class,Returned,Bank Transfer,8,0.1,1969.27,CUST-0051,Patricia Baker,katiebutler@example.net,9783447364,76773 Lawson Island,Port Michelleland,Arizona,94658,United States,Small Business,07-03-2022,PROD-0010,Falcon Label 223,Office Supplies,Labels,Voltura,273.51,13.59,"Yu, Banks and Thompson",Monaco,SP-003,Amber Kim,acosta@macias-bell.biz,South,Kevin Thompson,12-03-2019,ST-06,Williamsmouth,Vermont,East
ORD-1510,1,17-03-2025,29-03-2025,Same Day,Returned,Debit Card,3,0.2,2532.17,CUST-0034,Karen Strickland,hayesjeffrey@example.net,3849700766,15921 Joshua Roads Suite 698,Lake Robert,Delaware,39153,United States,Home Office,07-11-2022,PROD-0006,Nova Accessorie 214,Electronics,Accessories,Argon,1055.07,33.28,Smith-Hardin,Cook Islands,SP-007,Deborah Campbell,codylong@larsen.biz,South,Kevin Thompson,09-02-2019,ST-07,North Julie,Louisiana,South
ORD-1511,3,08-09-2025,17-09-2025,Second Class,Shipped,Credit Card,10,0.15,8511.31,CUST-0063,Wyatt Young,barbara53@example.com,(483)864-4089,56856 Hernandez Lane Apt. 873,Port Michelle,Arkansas,30037,United States,Corporate,01-02-2022,PROD-0026,Pinecrest Phone 261,Electronics,Phones,Falcon,1001.33,28.17,Thompson-Johnson,Azerbaijan,SP-011,Crystal Brown,acardenas@mcdaniel.com,South,Kevin Thompson,10-06-2021,ST-04,Armstrongfort,Arizona,West
ORD-1512,1,10-08-2024,21-08-2024,Same Day,Cancelled,PayPal,10,0,11403,CUST-0035,Patricia Le,russellbeasley@example.com,376-361-5654x52711,52809 Santiago Loop Suite 604,Garciaville,Tennessee,79197,United States,Home Office,22-02-2022,PROD-0050,Falcon Monitor 783,Electronics,Monitors,Argon,1140.3,35.67,"Wolfe, Sloan and Johnson",Reunion,SP-007,Deborah Campbell,codylong@larsen.biz,South,Kevin Thompson,09-02-2019,ST-06,Williamsmouth,Vermont,East
ORD-1513,2,31-01-2025,10-02-2025,Second Class,Processing,Store Credit,1,0.2,186.03,CUST-0045,Brian Stein,chenbailey@example.net,(446)309-5396,88888 Peter Mountains Apt. 654,South Danielle,South Carolina,98453,United States,Consumer,30-08-2020,PROD-0013,Falcon Vacuum 926,Appliances,Vacuums,Meridian,232.54,3.97,"Foster, Garcia and Turner",Burkina Faso,SP-006,Matthew Lawson,gmoore@harris-lee.net,North,Tanya Buchanan,30-11-2022,ST-06,Williamsmouth,Vermont,East
ORD-1514,3,28-10-2025,29-10-2025,First Class,Shipped,Credit Card,4,0,1237.56,CUST-0057,Breanna Gilbert,johnsantiago@example.net,230.416.5712,773 Morris Rue Apt. 193,Port Amanda,Oklahoma,70644,United States,Home Office,10-04-2024,PROD-0040,Zenith Storage 494,Office Supplies,Storage,Voltura,309.39,28.38,Guzman Inc,Malta,SP-003,Amber Kim,acosta@macias-bell.biz,South,Kevin Thompson,12-03-2019,ST-08,Andrewport,Maryland,Central
ORD-1515,2,22-02-2026,04-03-2026,Standard Class,Processing,Credit Card,3,0.2,1893.58,CUST-0015,David Walsh,rsims@example.com,443-545-5812,231 Russell Plains Suite 603,Merrittfort,New Hampshire,55570,United States,Consumer,13-07-2022,PROD-0048,Meridian Table 349,Furniture,Tables,Crestline,788.99,0.32,Smith-Hardin,Cook Islands,SP-001,Lance Mccall,daniellegarcia@taylor-mcgee.com,North,Tanya Buchanan,30-08-2020,ST-04,Armstrongfort,Arizona,West
ORD-1516,3,29-04-2026,05-05-2026,Second Class,Shipped,Store Credit,4,0.15,3386.64,CUST-0040,Heather Jones,dhayes@example.com,511-799-8679x8079,207 Lisa Villages Suite 182,South Scottport,Louisiana,5631,United States,Consumer,27-10-2021,PROD-0029,Nova Label 194,Office Supplies,Labels,Meridian,996.07,1.86,Copeland Group,Mauritius,SP-008,Lori Castillo,johnsongeorge@rowland-wells.com,South,Kevin Thompson,07-06-2020,ST-01,Rodriguezberg,Georgia,North
ORD-1517,3,30-03-2026,09-04-2026,Standard Class,Cancelled,Store Credit,3,0.15,165.78,CUST-0067,Jennifer Smith,amanda40@example.net,001-762-611-8233x984,56793 Kevin Views Apt. 016,Hopkinstown,Alabama,50211,United States,Corporate,20-06-2022,PROD-0049,Crestline Monitor 923,Electronics,Monitors,Falcon,65.01,10.04,Meza-Elliott,Mongolia,SP-005,Christopher Bennett,paynerachael@morgan.info,North,Tanya Buchanan,23-10-2022,ST-08,Andrewport,Maryland,Central
ORD-1518,1,29-05-2026,01-06-2026,First Class,Delivered,Bank Transfer,1,0,1171.57,CUST-0085,James Hernandez,tranrobin@example.net,+1-263-453-6541x9518,061 Cline Trail,Port Michellebury,Arizona,41224,United States,Corporate,21-03-2022,PROD-0034,Voltura Vacuum 985,Appliances,Vacuums,Crestline,1171.57,32.45,"Yu, Banks and Thompson",Monaco,SP-001,Lance Mccall,daniellegarcia@taylor-mcgee.com,North,Tanya Buchanan,30-08-2020,ST-05,West Richard,South Carolina,East
ORD-1519,3,29-12-2025,09-01-2026,First Class,Delivered,Credit Card,5,0.15,797.51,CUST-0084,Chad Smith,hbenton@example.net,001-642-352-4105x6481,8507 Michael Glens Apt. 913,West Elizabethburgh,Delaware,97596,United States,Corporate,16-02-2023,PROD-0001,Nova Table 981,Furniture,Tables,Zenith,187.65,6.48,Thompson PLC,Ghana,SP-002,Mark Mccarty,sean43@steele.com,East,Michael Anderson,22-04-2023,ST-07,North Julie,Louisiana,South
ORD-1520,3,17-11-2025,21-11-2025,Standard Class,Processing,Bank Transfer,7,0.1,3707.11,CUST-0038,Jeffrey Anderson MD,vincentwhitaker@example.com,860-860-7159,1605 Laurie River Suite 516,Keithville,Alabama,14376,United States,Consumer,19-10-2021,PROD-0056,Meridian Label 651,Office Supplies,Labels,Voltura,588.43,10.99,Oconnor Group,Somalia,SP-011,Crystal Brown,acardenas@mcdaniel.com,South,Kevin Thompson,10-06-2021,ST-07,North Julie,Louisiana,South
ORD-1521,3,03-02-2026,07-02-2026,Standard Class,Delivered,Debit Card,9,0.05,8239.38,CUST-0077,Kathleen Dixon,adamsamy@example.com,-7323,1713 Lisa Radial Suite 962,Port Stephen,West Virginia,81261,United States,Home Office,12-04-2021,PROD-0035,Argon Kitchen 901,Appliances,Kitchen,Meridian,963.67,34.58,"Wolfe, Sloan and Johnson",Reunion,SP-002,Mark Mccarty,sean43@steele.com,East,Michael Anderson,22-04-2023,ST-03,Natalieview,Missouri,South
ORD-1522,2,04-09-2025,11-09-2025,First Class,Processing,PayPal,3,0,1817.73,CUST-0068,Jonathan Hamilton,ariel18@example.org,239.474.0148,39261 Martin Garden Suite 856,Browntown,Vermont,99540,United States,Home Office,12-04-2024,PROD-0020,Nova Accessorie 698,Electronics,Accessories,Falcon,605.91,34.12,Kelly-Combs,Tanzania,SP-006,Matthew Lawson,gmoore@harris-lee.net,North,Tanya Buchanan,30-11-2022,ST-08,Andrewport,Maryland,Central
ORD-1523,1,16-10-2025,27-10-2025,First Class,Shipped,Debit Card,5,0.05,2031.34,CUST-0031,Tracy Ballard,christopher60@example.com,-11121,859 Deborah Roads,Port Erica,Utah,61353,United States,Small Business,16-02-2025,PROD-0033,Voltura Accessorie 782,Electronics,Accessories,Zenith,427.65,22.44,Meza-Elliott,Mongolia,SP-005,Christopher Bennett,paynerachael@morgan.info,North,Tanya Buchanan,23-10-2022,ST-01,Rodriguezberg,Georgia,North
ORD-1524,3,19-02-2026,21-02-2026,Second Class,Cancelled,Debit Card,7,0.1,663.52,CUST-0044,Jennifer Sanders,joe15@example.org,4519522047,010 Lewis Drive Suite 143,Port Shannon,Minnesota,39973,United States,Consumer,11-03-2021,PROD-0058,Meridian Chair 706,Furniture,Chairs,Nova,105.32,17.2,"Yu, Banks and Thompson",Monaco,SP-007,Deborah Campbell,codylong@larsen.biz,South,Kevin Thompson,09-02-2019,ST-03,Natalieview,Missouri,South
ORD-1525,3,06-07-2026,16-07-2026,Second Class,Shipped,Debit Card,6,0.05,1559.01,CUST-0074,Kelly Bailey,kimheather@example.com,440-410-5123,673 Soto Ferry Suite 609,West Larry,New Jersey,26364,United States,Home Office,30-10-2022,PROD-0010,Falcon Label 223,Office Supplies,Labels,Voltura,273.51,13.59,"Yu, Banks and Thompson",Monaco,SP-007,Deborah Campbell,codylong@larsen.biz,South,Kevin Thompson,09-02-2019,ST-05,West Richard,South Carolina,East
ORD-1526,3,04-03-2025,07-03-2025,Second Class,Cancelled,Debit Card,5,0.15,4095.6,CUST-0075,Michael Flynn,lloydamanda@example.com,737-714-7859x69691,249 Emily Island Apt. 341,Priceborough,Indiana,24493,United States,Consumer,13-06-2022,PROD-0035,Argon Kitchen 901,Appliances,Kitchen,Meridian,963.67,34.58,"Wolfe, Sloan and Johnson",Reunion,SP-011,Crystal Brown,acardenas@mcdaniel.com,South,Kevin Thompson,10-06-2021,ST-04,Armstrongfort,Arizona,West
ORD-1527,3,08-12-2024,14-12-2024,Standard Class,Shipped,PayPal,2,0.1,1020.64,CUST-0084,Chad Smith,hbenton@example.net,001-642-352-4105x6481,8507 Michael Glens Apt. 913,West Elizabethburgh,Delaware,97596,United States,Corporate,16-02-2023,PROD-0060,Meridian Fan 358,Appliances,Fans,Zenith,567.02,29.99,"Foster, Garcia and Turner",Burkina Faso,SP-010,Dennis Hood,hernandezheather@miller.net,Central,Zachary Sanford,25-01-2021,ST-03,Natalieview,Missouri,South
ORD-1528,2,13-12-2025,20-12-2025,First Class,Shipped,Debit Card,7,0,3844.54,CUST-0019,Tracie Nelson,umarshall@example.net,253-914-7379x965,73545 Beard Squares Suite 808,Zimmermanchester,Idaho,25543,United States,Small Business,04-01-2021,PROD-0047,Falcon Laptop 725,Electronics,Laptops,Zenith,549.22,35.46,Meza-Elliott,Mongolia,SP-001,Lance Mccall,daniellegarcia@taylor-mcgee.com,North,Tanya Buchanan,30-08-2020,ST-06,Williamsmouth,Vermont,East
ORD-1529,3,15-12-2024,25-12-2024,Second Class,Returned,Debit Card,10,0,4818,CUST-0014,Angel Riggs,gibsonolivia@example.net,567.463.2016,83172 Contreras Points Suite 798,Lake Lance,Illinois,56434,United States,Corporate,25-09-2024,PROD-0009,Voltura Vacuum 830,Appliances,Vacuums,Pinecrest,481.8,26.9,"Yu, Banks and Thompson",Monaco,SP-003,Amber Kim,acosta@macias-bell.biz,South,Kevin Thompson,12-03-2019,ST-01,Rodriguezberg,Georgia,North
ORD-1530,3,06-12-2024,08-12-2024,Same Day,Processing,Debit Card,8,0,4485.28,CUST-0030,Colleen Lee,erica21@example.net,+1-504-470-9521x4562,842 Sloan Orchard Suite 517,Kimberlybury,Rhode Island,10370,United States,Consumer,15-04-2021,PROD-0044,Voltura Accessorie 540,Electronics,Accessories,Argon,560.66,17.74,Copeland Group,Mauritius,SP-001,Lance Mccall,daniellegarcia@taylor-mcgee.com,North,Tanya Buchanan,30-08-2020,ST-06,Williamsmouth,Vermont,East
ORD-1531,1,11-08-2025,14-08-2025,Same Day,Delivered,PayPal,4,0,4317.12,CUST-0050,Maria Cole,david89@example.org,001-626-380-1824x22535,84249 Wayne Extension Apt. 299,Morrowland,Florida,44753,United States,Consumer,17-10-2024,PROD-0032,Nova Table 415,Furniture,Tables,Argon,1079.28,31.87,"Wolfe, Sloan and Johnson",Reunion,SP-008,Lori Castillo,johnsongeorge@rowland-wells.com,South,Kevin Thompson,07-06-2020,ST-03,Natalieview,Missouri,South
ORD-1532,2,03-05-2025,07-05-2025,Same Day,Processing,Bank Transfer,2,0,604.28,CUST-0053,Johnny Khan,amitchell@example.org,(624)356-5060x98358,784 David Court Suite 558,East Brandy,Arkansas,48421,United States,Small Business,10-05-2024,PROD-0015,Argon Laptop 919,Electronics,Laptops,Zenith,302.14,7.69,Guzman Inc,Malta,SP-012,Steven Klein,davidtodd@rush.com,South,Kevin Thompson,08-06-2023,ST-04,Armstrongfort,Arizona,West
ORD-1533,2,10-06-2025,20-06-2025,Same Day,Returned,Store Credit,7,0.15,1477.38,CUST-0032,Andrew Ferrell,davispaige@example.org,(275)786-9261x7964,7351 Stephens Rue,Debraville,Florida,47513,United States,Consumer,19-11-2020,PROD-0028,Voltura Bookcase 834,Furniture,Bookcases,Argon,248.3,25.41,Copeland Group,Mauritius,SP-007,Deborah Campbell,codylong@larsen.biz,South,Kevin Thompson,09-02-2019,ST-01,Rodriguezberg,Georgia,North
ORD-1534,2,11-09-2025,20-09-2025,Standard Class,Shipped,Store Credit,2,0.05,1830.97,CUST-0077,Kathleen Dixon,adamsamy@example.com,-7323,1713 Lisa Radial Suite 962,Port Stephen,West Virginia,81261,United States,Home Office,12-04-2021,PROD-0035,Argon Kitchen 901,Appliances,Kitchen,Meridian,963.67,34.58,"Wolfe, Sloan and Johnson",Reunion,SP-009,John Guerrero,maypaul@mcclure-wood.info,North,Tanya Buchanan,07-11-2018,ST-01,Rodriguezberg,Georgia,North
ORD-1535,3,04-11-2024,13-11-2024,Standard Class,Shipped,PayPal,7,0.1,6308.38,CUST-0069,David Jones,unovak@example.org,+1-647-573-5866x2961,42626 Ward Course,New Juliestad,Arkansas,1181,United States,Consumer,18-04-2025,PROD-0026,Pinecrest Phone 261,Electronics,Phones,Falcon,1001.33,28.17,Thompson-Johnson,Azerbaijan,SP-012,Steven Klein,davidtodd@rush.com,South,Kevin Thompson,08-06-2023,ST-01,Rodriguezberg,Georgia,North
ORD-1536,2,01-10-2025,09-10-2025,Standard Class,Returned,Debit Card,3,0.05,2853.79,CUST-0057,Breanna Gilbert,johnsantiago@example.net,230.416.5712,773 Morris Rue Apt. 193,Port Amanda,Oklahoma,70644,United States,Home Office,10-04-2024,PROD-0026,Pinecrest Phone 261,Electronics,Phones,Falcon,1001.33,28.17,Thompson-Johnson,Azerbaijan,SP-005,Christopher Bennett,paynerachael@morgan.info,North,Tanya Buchanan,23-10-2022,ST-05,West Richard,South Carolina,East
ORD-1537,1,03-02-2025,05-02-2025,Second Class,Cancelled,Bank Transfer,9,0,4516.65,CUST-0060,Rachel Fox,christian91@example.org,-3638,971 Stokes Motorway,Port John,Wisconsin,17795,United States,Consumer,24-02-2023,PROD-0054,Meridian Chair 438,Furniture,Chairs,Falcon,501.85,8.35,Guzman Inc,Malta,SP-011,Crystal Brown,acardenas@mcdaniel.com,South,Kevin Thompson,10-06-2021,ST-08,Andrewport,Maryland,Central
ORD-1538,1,30-03-2025,07-04-2025,Same Day,Delivered,PayPal,10,0.15,8466.6,CUST-0042,Susan Davis DDS,andrew42@example.org,473-832-2141x88805,29270 Diaz Stravenue,Lake Jacqueline,West Virginia,31634,United States,Home Office,06-06-2025,PROD-0029,Nova Label 194,Office Supplies,Labels,Meridian,996.07,1.86,Copeland Group,Mauritius,SP-001,Lance Mccall,daniellegarcia@taylor-mcgee.com,North,Tanya Buchanan,30-08-2020,ST-03,Natalieview,Missouri,South
ORD-1539,1,01-01-2026,13-01-2026,Same Day,Processing,Credit Card,2,0,688.24,CUST-0042,Susan Davis DDS,andrew42@example.org,473-832-2141x88805,29270 Diaz Stravenue,Lake Jacqueline,West Virginia,31634,United States,Home Office,06-06-2025,PROD-0045,Crestline Table 774,Furniture,Tables,Zenith,344.12,26.59,"Foster, Garcia and Turner",Burkina Faso,SP-011,Crystal Brown,acardenas@mcdaniel.com,South,Kevin Thompson,10-06-2021,ST-03,Natalieview,Missouri,South
ORD-1540,1,22-11-2024,29-11-2024,Second Class,Processing,Store Credit,9,0.05,2338,CUST-0068,Jonathan Hamilton,ariel18@example.org,239.474.0148,39261 Martin Garden Suite 856,Browntown,Vermont,99540,United States,Home Office,12-04-2024,PROD-0046,Voltura Paper 788,Office Supplies,Paper,Pinecrest,273.45,8.05,Oconnor Group,Somalia,SP-007,Deborah Campbell,codylong@larsen.biz,South,Kevin Thompson,09-02-2019,ST-03,Natalieview,Missouri,South
ORD-1541,3,21-11-2024,24-11-2024,Standard Class,Cancelled,PayPal,3,0.2,1412.23,CUST-0085,James Hernandez,tranrobin@example.net,+1-263-453-6541x9518,061 Cline Trail,Port Michellebury,Arizona,41224,United States,Corporate,21-03-2022,PROD-0056,Meridian Label 651,Office Supplies,Labels,Voltura,588.43,10.99,Oconnor Group,Somalia,SP-003,Amber Kim,acosta@macias-bell.biz,South,Kevin Thompson,12-03-2019,ST-03,Natalieview,Missouri,South
ORD-1542,1,24-03-2025,29-03-2025,Second Class,Delivered,Store Credit,3,0,1647.66,CUST-0040,Heather Jones,dhayes@example.com,511-799-8679x8079,207 Lisa Villages Suite 182,South Scottport,Louisiana,5631,United States,Consumer,27-10-2021,PROD-0047,Falcon Laptop 725,Electronics,Laptops,Zenith,549.22,35.46,Meza-Elliott,Mongolia,SP-013,Jay Mcneil,oharris@flowers.com,South,Kevin Thompson,18-01-2024,ST-08,Andrewport,Maryland,Central
ORD-1543,1,07-09-2024,15-09-2024,Same Day,Shipped,Debit Card,9,0.2,1351.08,CUST-0033,Daniel Fowler,williamsmatthew@example.org,001-431-283-9335,28421 David Knolls Apt. 950,Jamesville,New Jersey,23339,United States,Home Office,28-11-2021,PROD-0001,Nova Table 981,Furniture,Tables,Zenith,187.65,6.48,Thompson PLC,Ghana,SP-008,Lori Castillo,johnsongeorge@rowland-wells.com,South,Kevin Thompson,07-06-2020,ST-08,Andrewport,Maryland,Central
ORD-1544,3,13-06-2026,20-06-2026,Standard Class,Shipped,Store Credit,8,0,5924.32,CUST-0076,James Lopez,angelaburns@example.org,(557)890-5072,7677 Christopher Burgs Apt. 404,New Paul,Rhode Island,29971,United States,Corporate,09-04-2023,PROD-0043,Meridian Desk 793,Furniture,Desks,Crestline,740.54,12.11,Guzman Inc,Malta,SP-008,Lori Castillo,johnsongeorge@rowland-wells.com,South,Kevin Thompson,07-06-2020,ST-08,Andrewport,Maryland,Central
ORD-1545,1,25-10-2025,26-10-2025,First Class,Delivered,Debit Card,3,0,928.17,CUST-0036,Dr. Gregory Hawkins,farmeraudrey@example.com,-10780,0229 Jones Streets Apt. 183,New Williamberg,Texas,49809,United States,Consumer,06-09-2022,PROD-0040,Zenith Storage 494,Office Supplies,Storage,Voltura,309.39,28.38,Guzman Inc,Malta,SP-011,Crystal Brown,acardenas@mcdaniel.com,South,Kevin Thompson,10-06-2021,ST-04,Armstrongfort,Arizona,West
ORD-1546,1,27-11-2025,03-12-2025,Same Day,Shipped,Debit Card,2,0,1481.08,CUST-0005,Beth Keller,josephbrennan@example.com,383.546.5787,50983 Adrian Station,Lake Toddland,Wisconsin,83220,United States,Corporate,16-11-2020,PROD-0043,Meridian Desk 793,Furniture,Desks,Crestline,740.54,12.11,Guzman Inc,Malta,SP-010,Dennis Hood,hernandezheather@miller.net,Central,Zachary Sanford,25-01-2021,ST-05,West Richard,South Carolina,East
ORD-1547,1,25-07-2025,02-08-2025,Standard Class,Processing,PayPal,10,0,3595.7,CUST-0087,Angela Davis,danafoster@example.net,001-706-723-4456,3132 Eric Expressway Suite 756,Haynesstad,New Jersey,16326,United States,Small Business,06-04-2023,PROD-0019,Falcon Fan 258,Appliances,Fans,Voltura,359.57,38.75,Guzman Inc,Malta,SP-010,Dennis Hood,hernandezheather@miller.net,Central,Zachary Sanford,25-01-2021,ST-03,Natalieview,Missouri,South
ORD-1548,2,23-09-2025,30-09-2025,Same Day,Shipped,Credit Card,9,0,947.88,CUST-0048,Holly Reyes,jacobserika@example.com,(271)492-8565x431,681 Hampton Squares Suite 394,Johnsonland,Kansas,91462,United States,Consumer,01-03-2025,PROD-0058,Meridian Chair 706,Furniture,Chairs,Nova,105.32,17.2,"Yu, Banks and Thompson",Monaco,SP-007,Deborah Campbell,codylong@larsen.biz,South,Kevin Thompson,09-02-2019,ST-02,North Annaville,Maine,Central
ORD-1549,1,19-04-2025,28-04-2025,Second Class,Returned,Credit Card,7,0.1,3707.11,CUST-0089,Carl Stein,david70@example.org,001-566-470-6625,7209 Deborah Parks Suite 870,North Wendyborough,Tennessee,11998,United States,Home Office,24-12-2021,PROD-0056,Meridian Label 651,Office Supplies,Labels,Voltura,588.43,10.99,Oconnor Group,Somalia,SP-005,Christopher Bennett,paynerachael@morgan.info,North,Tanya Buchanan,23-10-2022,ST-06,Williamsmouth,Vermont,East
ORD-1550,3,25-02-2026,05-03-2026,First Class,Cancelled,Store Credit,10,0.2,6349.92,CUST-0014,Angel Riggs,gibsonolivia@example.net,567.463.2016,83172 Contreras Points Suite 798,Lake Lance,Illinois,56434,United States,Corporate,25-09-2024,PROD-0037,Voltura Fan 328,Appliances,Fans,Nova,793.74,16,Copeland Group,Mauritius,SP-012,Steven Klein,davidtodd@rush.com,South,Kevin Thompson,08-06-2023,ST-02,North Annaville,Maine,Central
ORD-1551,2,21-03-2025,24-03-2025,Same Day,Cancelled,Debit Card,10,0.1,1833.66,CUST-0041,Helen Hardin,vortiz@example.net,+1-705-315-1864x492,4629 Kyle Lane,Ritterhaven,North Dakota,84844,United States,Home Office,16-07-2024,PROD-0017,Nova Kitchen 195,Appliances,Kitchen,Voltura,203.74,19.48,Kelly-Combs,Tanzania,SP-009,John Guerrero,maypaul@mcclure-wood.info,North,Tanya Buchanan,07-11-2018,ST-06,Williamsmouth,Vermont,East
ORD-1552,1,08-01-2025,12-01-2025,Same Day,Delivered,Debit Card,1,0,302.14,CUST-0079,Diana Mayer,shawn75@example.net,5179518636,4589 Ashlee Oval Suite 001,Hayesland,Montana,82575,United States,Small Business,02-07-2024,PROD-0015,Argon Laptop 919,Electronics,Laptops,Zenith,302.14,7.69,Guzman Inc,Malta,SP-012,Steven Klein,davidtodd@rush.com,South,Kevin Thompson,08-06-2023,ST-05,West Richard,South Carolina,East
ORD-1553,3,13-12-2024,19-12-2024,Second Class,Delivered,Debit Card,6,0.1,1733.62,CUST-0079,Diana Mayer,shawn75@example.net,5179518636,4589 Ashlee Oval Suite 001,Hayesland,Montana,82575,United States,Small Business,02-07-2024,PROD-0027,Zenith Accessorie 999,Electronics,Accessories,Crestline,321.04,35.6,"Yu, Banks and Thompson",Monaco,SP-007,Deborah Campbell,codylong@larsen.biz,South,Kevin Thompson,09-02-2019,ST-01,Rodriguezberg,Georgia,North
ORD-1554,3,19-09-2024,24-09-2024,First Class,Delivered,Credit Card,5,0.1,1618.07,CUST-0089,Carl Stein,david70@example.org,001-566-470-6625,7209 Deborah Parks Suite 870,North Wendyborough,Tennessee,11998,United States,Home Office,24-12-2021,PROD-0019,Falcon Fan 258,Appliances,Fans,Voltura,359.57,38.75,Guzman Inc,Malta,SP-005,Christopher Bennett,paynerachael@morgan.info,North,Tanya Buchanan,23-10-2022,ST-02,North Annaville,Maine,Central
ORD-1555,1,05-08-2025,17-08-2025,Second Class,Shipped,PayPal,10,0.1,6706.44,CUST-0088,Ann Aguirre,margaret90@example.org,521-335-6804x42067,21003 James Locks Suite 199,South Kyle,Kentucky,34425,United States,Small Business,03-03-2025,PROD-0022,Voltura Table 692,Furniture,Tables,Nova,745.16,16.83,Thompson PLC,Ghana,SP-006,Matthew Lawson,gmoore@harris-lee.net,North,Tanya Buchanan,30-11-2022,ST-07,North Julie,Louisiana,South
ORD-1556,1,01-06-2025,09-06-2025,Same Day,Shipped,Bank Transfer,1,0.15,481.97,CUST-0044,Jennifer Sanders,joe15@example.org,4519522047,010 Lewis Drive Suite 143,Port Shannon,Minnesota,39973,United States,Consumer,11-03-2021,PROD-0060,Meridian Fan 358,Appliances,Fans,Zenith,567.02,29.99,"Foster, Garcia and Turner",Burkina Faso,SP-011,Crystal Brown,acardenas@mcdaniel.com,South,Kevin Thompson,10-06-2021,ST-08,Andrewport,Maryland,Central
ORD-1557,3,28-08-2025,04-09-2025,First Class,Returned,PayPal,1,0.2,84.26,CUST-0069,David Jones,unovak@example.org,+1-647-573-5866x2961,42626 Ward Course,New Juliestad,Arkansas,1181,United States,Consumer,18-04-2025,PROD-0058,Meridian Chair 706,Furniture,Chairs,Nova,105.32,17.2,"Yu, Banks and Thompson",Monaco,SP-006,Matthew Lawson,gmoore@harris-lee.net,North,Tanya Buchanan,30-11-2022,ST-08,Andrewport,Maryland,Central
ORD-1558,2,07-10-2024,17-10-2024,Standard Class,Shipped,PayPal,6,0.2,4625.62,CUST-0072,Erika Ramirez,kdiaz@example.org,001-382-880-7374,43426 Jones Rapid Suite 968,Jessicafort,Oregon,66903,United States,Home Office,14-03-2025,PROD-0035,Argon Kitchen 901,Appliances,Kitchen,Meridian,963.67,34.58,"Wolfe, Sloan and Johnson",Reunion,SP-001,Lance Mccall,daniellegarcia@taylor-mcgee.com,North,Tanya Buchanan,30-08-2020,ST-04,Armstrongfort,Arizona,West
ORD-1559,1,09-01-2025,19-01-2025,Standard Class,Processing,PayPal,10,0.05,7079.02,CUST-0004,Juan Dunlap,maldonadoamanda@example.com,001-551-446-2704x82814,88095 Smith Lake Suite 303,Carlsonmouth,North Dakota,74865,United States,Corporate,26-04-2025,PROD-0022,Voltura Table 692,Furniture,Tables,Nova,745.16,16.83,Thompson PLC,Ghana,SP-007,Deborah Campbell,codylong@larsen.biz,South,Kevin Thompson,09-02-2019,ST-03,Natalieview,Missouri,South
ORD-1560,2,03-01-2025,11-01-2025,First Class,Shipped,Store Credit,4,0,30.32,CUST-0005,Beth Keller,josephbrennan@example.com,383.546.5787,50983 Adrian Station,Lake Toddland,Wisconsin,83220,United States,Corporate,16-11-2020,PROD-0018,Nova Table 268,Furniture,Tables,Meridian,7.58,15.68,"Yu, Banks and Thompson",Monaco,SP-007,Deborah Campbell,codylong@larsen.biz,South,Kevin Thompson,09-02-2019,ST-02,North Annaville,Maine,Central
ORD-1561,2,31-03-2025,01-04-2025,Standard Class,Cancelled,Store Credit,4,0,1044.04,CUST-0039,Connie Maxwell,dixondaniel@example.net,455.423.1243,77997 Lin Road,Warrenfurt,Maryland,41937,United States,Small Business,03-05-2021,PROD-0012,Voltura Paper 385,Office Supplies,Paper,Falcon,261.01,5.38,Peterson and Sons,Uruguay,SP-002,Mark Mccarty,sean43@steele.com,East,Michael Anderson,22-04-2023,ST-06,Williamsmouth,Vermont,East
ORD-1562,2,21-04-2025,03-05-2025,Second Class,Delivered,Store Credit,9,0,2092.86,CUST-0020,Michael West,davisjeffrey@example.net,749.757.8856,4431 Leslie Summit Apt. 337,Freemanbury,Vermont,36742,United States,Home Office,16-03-2024,PROD-0013,Falcon Vacuum 926,Appliances,Vacuums,Meridian,232.54,3.97,"Foster, Garcia and Turner",Burkina Faso,SP-006,Matthew Lawson,gmoore@harris-lee.net,North,Tanya Buchanan,30-11-2022,ST-08,Andrewport,Maryland,Central
ORD-1563,3,07-01-2025,15-01-2025,Standard Class,Delivered,PayPal,7,0.15,2866.71,CUST-0087,Angela Davis,danafoster@example.net,001-706-723-4456,3132 Eric Expressway Suite 756,Haynesstad,New Jersey,16326,United States,Small Business,06-04-2023,PROD-0009,Voltura Vacuum 830,Appliances,Vacuums,Pinecrest,481.8,26.9,"Yu, Banks and Thompson",Monaco,SP-004,Sean Curtis,franciscojones@phillips.com,North,Tanya Buchanan,17-04-2024,ST-01,Rodriguezberg,Georgia,North
ORD-1564,1,02-02-2026,08-02-2026,First Class,Delivered,Store Credit,8,0,4485.28,CUST-0006,Michael Lewis,jenniferkhan@example.net,337.263.1165x6670,513 James Mission Apt. 624,North Micheleland,North Carolina,61138,United States,Corporate,31-10-2021,PROD-0044,Voltura Accessorie 540,Electronics,Accessories,Argon,560.66,17.74,Copeland Group,Mauritius,SP-014,Andrea Hughes,rarnold@ellis.org,West,Tiffany Fry,09-02-2022,ST-02,North Annaville,Maine,Central
ORD-1565,2,23-08-2025,27-08-2025,First Class,Cancelled,Credit Card,4,0,2998.68,CUST-0040,Heather Jones,dhayes@example.com,511-799-8679x8079,207 Lisa Villages Suite 182,South Scottport,Louisiana,5631,United States,Consumer,27-10-2021,PROD-0041,Meridian Phone 171,Electronics,Phones,Argon,749.67,26.57,Thompson-Johnson,Azerbaijan,SP-004,Sean Curtis,franciscojones@phillips.com,North,Tanya Buchanan,17-04-2024,ST-06,Williamsmouth,Vermont,East
ORD-1566,3,30-07-2026,01-08-2026,Standard Class,Shipped,Store Credit,1,0.1,246.16,CUST-0035,Patricia Le,russellbeasley@example.com,376-361-5654x52711,52809 Santiago Loop Suite 604,Garciaville,Tennessee,79197,United States,Home Office,22-02-2022,PROD-0010,Falcon Label 223,Office Supplies,Labels,Voltura,273.51,13.59,"Yu, Banks and Thompson",Monaco,SP-003,Amber Kim,acosta@macias-bell.biz,South,Kevin Thompson,12-03-2019,ST-05,West Richard,South Carolina,East
ORD-1567,1,26-03-2026,29-03-2026,Second Class,Delivered,PayPal,5,0.1,4639.59,CUST-0045,Brian Stein,chenbailey@example.net,(446)309-5396,88888 Peter Mountains Apt. 654,South Danielle,South Carolina,98453,United States,Consumer,30-08-2020,PROD-0036,Zenith Bookcase 491,Furniture,Bookcases,Nova,1031.02,8.98,"Wolfe, Sloan and Johnson",Reunion,SP-006,Matthew Lawson,gmoore@harris-lee.net,North,Tanya Buchanan,30-11-2022,ST-05,West Richard,South Carolina,East
ORD-1568,2,19-07-2026,20-07-2026,Standard Class,Delivered,Bank Transfer,3,0,315.96,CUST-0079,Diana Mayer,shawn75@example.net,5179518636,4589 Ashlee Oval Suite 001,Hayesland,Montana,82575,United States,Small Business,02-07-2024,PROD-0058,Meridian Chair 706,Furniture,Chairs,Nova,105.32,17.2,"Yu, Banks and Thompson",Monaco,SP-006,Matthew Lawson,gmoore@harris-lee.net,North,Tanya Buchanan,30-11-2022,ST-08,Andrewport,Maryland,Central
ORD-1569,3,07-08-2024,10-08-2024,Same Day,Returned,PayPal,10,0.1,9495.63,CUST-0007,Zachary Huff,housemelinda@example.org,(977)436-0260x64746,3098 Julie Centers,South Lindseyside,Connecticut,7073,United States,Consumer,03-07-2023,PROD-0006,Nova Accessorie 214,Electronics,Accessories,Argon,1055.07,33.28,Smith-Hardin,Cook Islands,SP-007,Deborah Campbell,codylong@larsen.biz,South,Kevin Thompson,09-02-2019,ST-07,North Julie,Louisiana,South
ORD-1570,2,02-12-2025,14-12-2025,Second Class,Delivered,Bank Transfer,9,0,6706.44,CUST-0040,Heather Jones,dhayes@example.com,511-799-8679x8079,207 Lisa Villages Suite 182,South Scottport,Louisiana,5631,United States,Consumer,27-10-2021,PROD-0022,Voltura Table 692,Furniture,Tables,Nova,745.16,16.83,Thompson PLC,Ghana,SP-014,Andrea Hughes,rarnold@ellis.org,West,Tiffany Fry,09-02-2022,ST-04,Armstrongfort,Arizona,West
ORD-1571,1,22-06-2025,30-06-2025,First Class,Processing,Bank Transfer,4,0,2657.04,CUST-0013,Jason Bentley,christinaturner@example.net,9449369957,721 Robertson Roads,Nguyenport,Oklahoma,81668,United States,Corporate,05-04-2022,PROD-0030,Pinecrest Binder 265,Office Supplies,Binders,Falcon,664.26,17.16,Schroeder PLC,Tokelau,SP-005,Christopher Bennett,paynerachael@morgan.info,North,Tanya Buchanan,23-10-2022,ST-08,Andrewport,Maryland,Central
ORD-1572,1,24-05-2026,30-05-2026,Standard Class,Cancelled,Credit Card,8,0.05,2615.31,CUST-0024,Alicia Hubbard,barbara27@example.net,+1-374-429-6717x5655,7468 Shawn Island Suite 516,Lake Mary,Oregon,67950,United States,Home Office,15-09-2024,PROD-0045,Crestline Table 774,Furniture,Tables,Zenith,344.12,26.59,"Foster, Garcia and Turner",Burkina Faso,SP-011,Crystal Brown,acardenas@mcdaniel.com,South,Kevin Thompson,10-06-2021,ST-06,Williamsmouth,Vermont,East
ORD-1573,3,23-10-2025,28-10-2025,Second Class,Returned,Credit Card,6,0.1,5412.64,CUST-0045,Brian Stein,chenbailey@example.net,(446)309-5396,88888 Peter Mountains Apt. 654,South Danielle,South Carolina,98453,United States,Consumer,30-08-2020,PROD-0031,Crestline Laptop 658,Electronics,Laptops,Nova,1002.34,23.34,Thompson PLC,Ghana,SP-008,Lori Castillo,johnsongeorge@rowland-wells.com,South,Kevin Thompson,07-06-2020,ST-03,Natalieview,Missouri,South
ORD-1574,1,29-10-2025,04-11-2025,First Class,Returned,Bank Transfer,9,0.15,2152.4,CUST-0052,Justin Flores,cmartinez@example.org,(710)746-9632,78774 Johnson Lock,Theresaberg,Wisconsin,66750,United States,Home Office,13-11-2022,PROD-0053,Zenith Storage 241,Office Supplies,Storage,Crestline,281.36,27.79,Thompson-Johnson,Azerbaijan,SP-012,Steven Klein,davidtodd@rush.com,South,Kevin Thompson,08-06-2023,ST-02,North Annaville,Maine,Central
ORD-1575,1,02-07-2026,12-07-2026,Same Day,Cancelled,Credit Card,4,0.1,2941.27,CUST-0052,Justin Flores,cmartinez@example.org,(710)746-9632,78774 Johnson Lock,Theresaberg,Wisconsin,66750,United States,Home Office,13-11-2022,PROD-0038,Pinecrest Paper 459,Office Supplies,Paper,Meridian,817.02,33.76,"Foster, Garcia and Turner",Burkina Faso,SP-007,Deborah Campbell,codylong@larsen.biz,South,Kevin Thompson,09-02-2019,ST-04,Armstrongfort,Arizona,West
ORD-1576,2,12-12-2025,19-12-2025,Second Class,Shipped,Credit Card,10,0.2,6477.36,CUST-0044,Jennifer Sanders,joe15@example.org,4519522047,010 Lewis Drive Suite 143,Port Shannon,Minnesota,39973,United States,Consumer,11-03-2021,PROD-0014,Meridian Fan 578,Appliances,Fans,Nova,809.67,39.37,Guzman Inc,Malta,SP-014,Andrea Hughes,rarnold@ellis.org,West,Tiffany Fry,09-02-2022,ST-07,North Julie,Louisiana,South
ORD-1577,2,23-03-2025,02-04-2025,Standard Class,Cancelled,Debit Card,10,0.05,4767.57,CUST-0074,Kelly Bailey,kimheather@example.com,440-410-5123,673 Soto Ferry Suite 609,West Larry,New Jersey,26364,United States,Home Office,30-10-2022,PROD-0054,Meridian Chair 438,Furniture,Chairs,Falcon,501.85,8.35,Guzman Inc,Malta,SP-008,Lori Castillo,johnsongeorge@rowland-wells.com,South,Kevin Thompson,07-06-2020,ST-02,North Annaville,Maine,Central
ORD-1578,2,01-06-2026,12-06-2026,First Class,Cancelled,Credit Card,10,0.2,8010.64,CUST-0040,Heather Jones,dhayes@example.com,511-799-8679x8079,207 Lisa Villages Suite 182,South Scottport,Louisiana,5631,United States,Consumer,27-10-2021,PROD-0026,Pinecrest Phone 261,Electronics,Phones,Falcon,1001.33,28.17,Thompson-Johnson,Azerbaijan,SP-002,Mark Mccarty,sean43@steele.com,East,Michael Anderson,22-04-2023,ST-02,North Annaville,Maine,Central
ORD-1579,1,22-06-2026,02-07-2026,Second Class,Cancelled,Store Credit,1,0.2,647.74,CUST-0012,Victor Baker,carlsonmichael@example.com,(798)816-9340x60883,595 Jennifer Hills,Sheilaville,Kentucky,66970,United States,Consumer,16-02-2022,PROD-0014,Meridian Fan 578,Appliances,Fans,Nova,809.67,39.37,Guzman Inc,Malta,SP-014,Andrea Hughes,rarnold@ellis.org,West,Tiffany Fry,09-02-2022,ST-03,Natalieview,Missouri,South
ORD-1580,2,10-05-2025,14-05-2025,First Class,Returned,PayPal,4,0.15,555.19,CUST-0038,Jeffrey Anderson MD,vincentwhitaker@example.com,860-860-7159,1605 Laurie River Suite 516,Keithville,Alabama,14376,United States,Consumer,19-10-2021,PROD-0025,Voltura Laptop 618,Electronics,Laptops,Pinecrest,163.29,14.03,Peterson and Sons,Uruguay,SP-010,Dennis Hood,hernandezheather@miller.net,Central,Zachary Sanford,25-01-2021,ST-08,Andrewport,Maryland,Central
ORD-1581,3,30-08-2025,09-09-2025,Same Day,Shipped,PayPal,1,0.1,246.1,CUST-0056,Raymond Le,chelsea33@example.com,-5143,98665 Kelly Heights Apt. 574,Barrmouth,Ohio,98456,United States,Home Office,23-12-2022,PROD-0046,Voltura Paper 788,Office Supplies,Paper,Pinecrest,273.45,8.05,Oconnor Group,Somalia,SP-006,Matthew Lawson,gmoore@harris-lee.net,North,Tanya Buchanan,30-11-2022,ST-02,North Annaville,Maine,Central
ORD-1582,2,23-02-2025,24-02-2025,Standard Class,Processing,Credit Card,9,0.2,5380.49,CUST-0008,Andrea Jones,richarddavid@example.net,799.609.1699,534 Anderson Rue,North Susan,Colorado,39822,United States,Consumer,13-11-2022,PROD-0024,Zenith Label 109,Office Supplies,Labels,Falcon,747.29,22.56,Thompson-Johnson,Azerbaijan,SP-009,John Guerrero,maypaul@mcclure-wood.info,North,Tanya Buchanan,07-11-2018,ST-01,Rodriguezberg,Georgia,North
ORD-1583,2,29-05-2026,09-06-2026,Same Day,Cancelled,Bank Transfer,6,0.15,1266.33,CUST-0031,Tracy Ballard,christopher60@example.com,-11121,859 Deborah Roads,Port Erica,Utah,61353,United States,Small Business,16-02-2025,PROD-0028,Voltura Bookcase 834,Furniture,Bookcases,Argon,248.3,25.41,Copeland Group,Mauritius,SP-012,Steven Klein,davidtodd@rush.com,South,Kevin Thompson,08-06-2023,ST-07,North Julie,Louisiana,South
ORD-1584,3,24-03-2026,01-04-2026,Same Day,Processing,Bank Transfer,3,0,2429.01,CUST-0070,Cody Cole,fgarcia@example.com,-7259,826 Dominic Hollow,Wardview,Connecticut,35681,United States,Corporate,18-01-2023,PROD-0014,Meridian Fan 578,Appliances,Fans,Nova,809.67,39.37,Guzman Inc,Malta,SP-011,Crystal Brown,acardenas@mcdaniel.com,South,Kevin Thompson,10-06-2021,ST-03,Natalieview,Missouri,South
ORD-1585,3,02-05-2025,05-05-2025,Standard Class,Shipped,Bank Transfer,1,0,359.57,CUST-0020,Michael West,davisjeffrey@example.net,749.757.8856,4431 Leslie Summit Apt. 337,Freemanbury,Vermont,36742,United States,Home Office,16-03-2024,PROD-0019,Falcon Fan 258,Appliances,Fans,Voltura,359.57,38.75,Guzman Inc,Malta,SP-014,Andrea Hughes,rarnold@ellis.org,West,Tiffany Fry,09-02-2022,ST-03,Natalieview,Missouri,South
ORD-1586,2,10-03-2026,13-03-2026,Same Day,Returned,Debit Card,7,0.2,1390.48,CUST-0085,James Hernandez,tranrobin@example.net,+1-263-453-6541x9518,061 Cline Trail,Port Michellebury,Arizona,41224,United States,Corporate,21-03-2022,PROD-0028,Voltura Bookcase 834,Furniture,Bookcases,Argon,248.3,25.41,Copeland Group,Mauritius,SP-003,Amber Kim,acosta@macias-bell.biz,South,Kevin Thompson,12-03-2019,ST-02,North Annaville,Maine,Central
ORD-1587,1,22-06-2025,29-06-2025,Same Day,Returned,Credit Card,6,0,2565.9,CUST-0059,Timothy Smith,wyoung@example.com,649-390-4530x17426,9332 Hernandez Summit Suite 687,South Elizabethburgh,Florida,99768,United States,Home Office,09-04-2023,PROD-0033,Voltura Accessorie 782,Electronics,Accessories,Zenith,427.65,22.44,Meza-Elliott,Mongolia,SP-007,Deborah Campbell,codylong@larsen.biz,South,Kevin Thompson,09-02-2019,ST-08,Andrewport,Maryland,Central
ORD-1588,2,02-09-2024,14-09-2024,First Class,Delivered,Credit Card,9,0,9713.52,CUST-0074,Kelly Bailey,kimheather@example.com,440-410-5123,673 Soto Ferry Suite 609,West Larry,New Jersey,26364,United States,Home Office,30-10-2022,PROD-0032,Nova Table 415,Furniture,Tables,Argon,1079.28,31.87,"Wolfe, Sloan and Johnson",Reunion,SP-014,Andrea Hughes,rarnold@ellis.org,West,Tiffany Fry,09-02-2022,ST-04,Armstrongfort,Arizona,West
ORD-1589,3,19-05-2026,21-05-2026,Standard Class,Shipped,Store Credit,10,0.05,9522.23,CUST-0073,Kimberly Little,rodriguezjohn@example.net,(529)509-6561x014,6798 Michael Burg Suite 146,Stephensstad,Vermont,11754,United States,Small Business,28-02-2021,PROD-0031,Crestline Laptop 658,Electronics,Laptops,Nova,1002.34,23.34,Thompson PLC,Ghana,SP-012,Steven Klein,davidtodd@rush.com,South,Kevin Thompson,08-06-2023,ST-06,Williamsmouth,Vermont,East
ORD-1590,1,19-12-2024,28-12-2024,Same Day,Delivered,Store Credit,10,0,6642.6,CUST-0036,Dr. Gregory Hawkins,farmeraudrey@example.com,-10780,0229 Jones Streets Apt. 183,New Williamberg,Texas,49809,United States,Consumer,06-09-2022,PROD-0030,Pinecrest Binder 265,Office Supplies,Binders,Falcon,664.26,17.16,Schroeder PLC,Tokelau,SP-009,John Guerrero,maypaul@mcclure-wood.info,North,Tanya Buchanan,07-11-2018,ST-02,North Annaville,Maine,Central
ORD-1591,1,11-08-2025,17-08-2025,Same Day,Cancelled,Store Credit,9,0.2,4362.55,CUST-0075,Michael Flynn,lloydamanda@example.com,737-714-7859x69691,249 Emily Island Apt. 341,Priceborough,Indiana,24493,United States,Consumer,13-06-2022,PROD-0020,Nova Accessorie 698,Electronics,Accessories,Falcon,605.91,34.12,Kelly-Combs,Tanzania,SP-010,Dennis Hood,hernandezheather@miller.net,Central,Zachary Sanford,25-01-2021,ST-01,Rodriguezberg,Georgia,North
ORD-1592,2,25-06-2026,02-07-2026,First Class,Shipped,Credit Card,6,0.2,3809.95,CUST-0061,Elizabeth Johnson,lisa39@example.org,6658180170,65676 Miller Shore,Elliottside,New Jersey,71188,United States,Corporate,31-03-2021,PROD-0037,Voltura Fan 328,Appliances,Fans,Nova,793.74,16,Copeland Group,Mauritius,SP-012,Steven Klein,davidtodd@rush.com,South,Kevin Thompson,08-06-2023,ST-06,Williamsmouth,Vermont,East
ORD-1593,1,01-12-2024,13-12-2024,Same Day,Returned,Debit Card,10,0,5670.2,CUST-0089,Carl Stein,david70@example.org,001-566-470-6625,7209 Deborah Parks Suite 870,North Wendyborough,Tennessee,11998,United States,Home Office,24-12-2021,PROD-0060,Meridian Fan 358,Appliances,Fans,Zenith,567.02,29.99,"Foster, Garcia and Turner",Burkina Faso,SP-010,Dennis Hood,hernandezheather@miller.net,Central,Zachary Sanford,25-01-2021,ST-05,West Richard,South Carolina,East
ORD-1594,2,01-07-2026,13-07-2026,Same Day,Delivered,Debit Card,10,0,6116.8,CUST-0074,Kelly Bailey,kimheather@example.com,440-410-5123,673 Soto Ferry Suite 609,West Larry,New Jersey,26364,United States,Home Office,30-10-2022,PROD-0004,Pinecrest Kitchen 612,Appliances,Kitchen,Crestline,611.68,4.35,Yu-Brooks,Western Sahara,SP-011,Crystal Brown,acardenas@mcdaniel.com,South,Kevin Thompson,10-06-2021,ST-05,West Richard,South Carolina,East
ORD-1595,2,29-08-2025,03-09-2025,First Class,Processing,Credit Card,3,0.1,1753.81,CUST-0065,Kristen Rowe,powens@example.com,245-587-7175x3556,48996 Hernandez Isle,Rochaborough,Montana,30650,United States,Small Business,25-06-2022,PROD-0005,Argon Binder 880,Office Supplies,Binders,Crestline,649.56,31.17,"Wolfe, Sloan and Johnson",Reunion,SP-014,Andrea Hughes,rarnold@ellis.org,West,Tiffany Fry,09-02-2022,ST-05,West Richard,South Carolina,East
ORD-1596,1,06-08-2024,17-08-2024,First Class,Shipped,Bank Transfer,8,0,405.76,CUST-0015,David Walsh,rsims@example.com,443-545-5812,231 Russell Plains Suite 603,Merrittfort,New Hampshire,55570,United States,Consumer,13-07-2022,PROD-0039,Pinecrest Paper 282,Office Supplies,Paper,Pinecrest,50.72,23.9,Thompson PLC,Ghana,SP-003,Amber Kim,acosta@macias-bell.biz,South,Kevin Thompson,12-03-2019,ST-03,Natalieview,Missouri,South
ORD-1597,3,17-09-2024,23-09-2024,Second Class,Cancelled,Bank Transfer,2,0,195.18,CUST-0024,Alicia Hubbard,barbara27@example.net,+1-374-429-6717x5655,7468 Shawn Island Suite 516,Lake Mary,Oregon,67950,United States,Home Office,15-09-2024,PROD-0052,Voltura Label 381,Office Supplies,Labels,Falcon,97.59,11.5,Schroeder PLC,Tokelau,SP-009,John Guerrero,maypaul@mcclure-wood.info,North,Tanya Buchanan,07-11-2018,ST-01,Rodriguezberg,Georgia,North
ORD-1598,3,04-12-2025,16-12-2025,First Class,Delivered,PayPal,3,0,910.56,CUST-0050,Maria Cole,david89@example.org,001-626-380-1824x22535,84249 Wayne Extension Apt. 299,Morrowland,Florida,44753,United States,Consumer,17-10-2024,PROD-0016,Crestline Vacuum 385,Appliances,Vacuums,Falcon,303.52,36.94,Guzman Inc,Malta,SP-011,Crystal Brown,acardenas@mcdaniel.com,South,Kevin Thompson,10-06-2021,ST-08,Andrewport,Maryland,Central
ORD-1599,2,17-02-2026,24-02-2026,Second Class,Cancelled,Bank Transfer,8,0,4893.44,CUST-0015,David Walsh,rsims@example.com,443-545-5812,231 Russell Plains Suite 603,Merrittfort,New Hampshire,55570,United States,Consumer,13-07-2022,PROD-0004,Pinecrest Kitchen 612,Appliances,Kitchen,Crestline,611.68,4.35,Yu-Brooks,Western Sahara,SP-003,Amber Kim,acosta@macias-bell.biz,South,Kevin Thompson,12-03-2019,ST-08,Andrewport,Maryland,Central
ORD-1600,2,25-04-2026,26-04-2026,Same Day,Processing,Store Credit,5,0.2,814.96,CUST-0061,Elizabeth Johnson,lisa39@example.org,6658180170,65676 Miller Shore,Elliottside,New Jersey,71188,United States,Corporate,31-03-2021,PROD-0017,Nova Kitchen 195,Appliances,Kitchen,Voltura,203.74,19.48,Kelly-Combs,Tanzania,SP-003,Amber Kim,acosta@macias-bell.biz,South,Kevin Thompson,12-03-2019,ST-07,North Julie,Louisiana,South
ORD-1601,2,07-06-2025,14-06-2025,First Class,Processing,PayPal,10,0.15,1175.55,CUST-0088,Ann Aguirre,margaret90@example.org,521-335-6804x42067,21003 James Locks Suite 199,South Kyle,Kentucky,34425,United States,Small Business,03-03-2025,PROD-0003,Pinecrest Laptop 887,Electronics,Laptops,Argon,138.3,17.45,Schroeder PLC,Tokelau,SP-002,Mark Mccarty,sean43@steele.com,East,Michael Anderson,22-04-2023,ST-06,Williamsmouth,Vermont,East
ORD-1602,3,15-10-2024,23-10-2024,Second Class,Returned,PayPal,4,0.15,692.72,CUST-0013,Jason Bentley,christinaturner@example.net,9449369957,721 Robertson Roads,Nguyenport,Oklahoma,81668,United States,Corporate,05-04-2022,PROD-0017,Nova Kitchen 195,Appliances,Kitchen,Voltura,203.74,19.48,Kelly-Combs,Tanzania,SP-011,Crystal Brown,acardenas@mcdaniel.com,South,Kevin Thompson,10-06-2021,ST-07,North Julie,Louisiana,South
ORD-1603,1,29-08-2025,07-09-2025,Standard Class,Delivered,Bank Transfer,1,0.15,292.5,CUST-0087,Angela Davis,danafoster@example.net,001-706-723-4456,3132 Eric Expressway Suite 756,Haynesstad,New Jersey,16326,United States,Small Business,06-04-2023,PROD-0045,Crestline Table 774,Furniture,Tables,Zenith,344.12,26.59,"Foster, Garcia and Turner",Burkina Faso,SP-003,Amber Kim,acosta@macias-bell.biz,South,Kevin Thompson,12-03-2019,ST-06,Williamsmouth,Vermont,East
ORD-1604,2,27-12-2025,02-01-2026,First Class,Shipped,Credit Card,4,0.15,3983.34,CUST-0013,Jason Bentley,christinaturner@example.net,9449369957,721 Robertson Roads,Nguyenport,Oklahoma,81668,United States,Corporate,05-04-2022,PROD-0034,Voltura Vacuum 985,Appliances,Vacuums,Crestline,1171.57,32.45,"Yu, Banks and Thompson",Monaco,SP-002,Mark Mccarty,sean43@steele.com,East,Michael Anderson,22-04-2023,ST-08,Andrewport,Maryland,Central
ORD-1605,3,15-07-2026,25-07-2026,Standard Class,Delivered,Credit Card,4,0.1,1113.8,CUST-0004,Juan Dunlap,maldonadoamanda@example.com,001-551-446-2704x82814,88095 Smith Lake Suite 303,Carlsonmouth,North Dakota,74865,United States,Corporate,26-04-2025,PROD-0040,Zenith Storage 494,Office Supplies,Storage,Voltura,309.39,28.38,Guzman Inc,Malta,SP-002,Mark Mccarty,sean43@steele.com,East,Michael Anderson,22-04-2023,ST-01,Rodriguezberg,Georgia,North
ORD-1606,2,18-02-2026,20-02-2026,Same Day,Delivered,Bank Transfer,3,0,1445.4,CUST-0078,Kim Carlson,mariopadilla@example.com,001-448-512-6042,536 Thomas Roads,Port Jamie,Arkansas,35722,United States,Corporate,21-09-2023,PROD-0009,Voltura Vacuum 830,Appliances,Vacuums,Pinecrest,481.8,26.9,"Yu, Banks and Thompson",Monaco,SP-007,Deborah Campbell,codylong@larsen.biz,South,Kevin Thompson,09-02-2019,ST-03,Natalieview,Missouri,South
ORD-1607,1,16-11-2025,21-11-2025,First Class,Delivered,Bank Transfer,3,0.2,2736.72,CUST-0036,Dr. Gregory Hawkins,farmeraudrey@example.com,-10780,0229 Jones Streets Apt. 183,New Williamberg,Texas,49809,United States,Consumer,06-09-2022,PROD-0050,Falcon Monitor 783,Electronics,Monitors,Argon,1140.3,35.67,"Wolfe, Sloan and Johnson",Reunion,SP-007,Deborah Campbell,codylong@larsen.biz,South,Kevin Thompson,09-02-2019,ST-06,Williamsmouth,Vermont,East
ORD-1608,1,18-06-2026,23-06-2026,Same Day,Shipped,Store Credit,3,0.05,2123.71,CUST-0050,Maria Cole,david89@example.org,001-626-380-1824x22535,84249 Wayne Extension Apt. 299,Morrowland,Florida,44753,United States,Consumer,17-10-2024,PROD-0022,Voltura Table 692,Furniture,Tables,Nova,745.16,16.83,Thompson PLC,Ghana,SP-001,Lance Mccall,daniellegarcia@taylor-mcgee.com,North,Tanya Buchanan,30-08-2020,ST-05,West Richard,South Carolina,East
ORD-1609,2,28-01-2026,30-01-2026,Second Class,Returned,Credit Card,3,0.1,704.73,CUST-0051,Patricia Baker,katiebutler@example.net,9783447364,76773 Lawson Island,Port Michelleland,Arizona,94658,United States,Small Business,07-03-2022,PROD-0012,Voltura Paper 385,Office Supplies,Paper,Falcon,261.01,5.38,Peterson and Sons,Uruguay,SP-011,Crystal Brown,acardenas@mcdaniel.com,South,Kevin Thompson,10-06-2021,ST-08,Andrewport,Maryland,Central
ORD-1610,3,21-11-2024,22-11-2024,First Class,Cancelled,Credit Card,2,0,546.9,CUST-0057,Breanna Gilbert,johnsantiago@example.net,230.416.5712,773 Morris Rue Apt. 193,Port Amanda,Oklahoma,70644,United States,Home Office,10-04-2024,PROD-0046,Voltura Paper 788,Office Supplies,Paper,Pinecrest,273.45,8.05,Oconnor Group,Somalia,SP-005,Christopher Bennett,paynerachael@morgan.info,North,Tanya Buchanan,23-10-2022,ST-02,North Annaville,Maine,Central
ORD-1611,1,02-07-2025,03-07-2025,First Class,Cancelled,Store Credit,7,0,1914.57,CUST-0064,Tracy Grant,paulscott@example.com,+1-317-551-8304x6990,3540 Sharon Streets,Port Steven,Arkansas,15877,United States,Small Business,25-04-2024,PROD-0010,Falcon Label 223,Office Supplies,Labels,Voltura,273.51,13.59,"Yu, Banks and Thompson",Monaco,SP-011,Crystal Brown,acardenas@mcdaniel.com,South,Kevin Thompson,10-06-2021,ST-01,Rodriguezberg,Georgia,North
ORD-1612,3,31-03-2025,08-04-2025,Standard Class,Returned,Debit Card,7,0.05,2843.87,CUST-0001,Brian Yang,garzaanthony@example.org,538.990.8386,26542 Susan Junction Apt. 161,North Judithbury,Iowa,47553,United States,Consumer,26-10-2024,PROD-0033,Voltura Accessorie 782,Electronics,Accessories,Zenith,427.65,22.44,Meza-Elliott,Mongolia,SP-012,Steven Klein,davidtodd@rush.com,South,Kevin Thompson,08-06-2023,ST-08,Andrewport,Maryland,Central
ORD-1613,2,03-10-2024,05-10-2024,First Class,Processing,Bank Transfer,10,0.1,1469.61,CUST-0001,Brian Yang,garzaanthony@example.org,538.990.8386,26542 Susan Junction Apt. 161,North Judithbury,Iowa,47553,United States,Consumer,26-10-2024,PROD-0025,Voltura Laptop 618,Electronics,Laptops,Pinecrest,163.29,14.03,Peterson and Sons,Uruguay,SP-012,Steven Klein,davidtodd@rush.com,South,Kevin Thompson,08-06-2023,ST-08,Andrewport,Maryland,Central
ORD-1614,2,09-09-2024,15-09-2024,Standard Class,Cancelled,PayPal,9,0.2,5397.62,CUST-0008,Andrea Jones,richarddavid@example.net,799.609.1699,534 Anderson Rue,North Susan,Colorado,39822,United States,Consumer,13-11-2022,PROD-0041,Meridian Phone 171,Electronics,Phones,Argon,749.67,26.57,Thompson-Johnson,Azerbaijan,SP-011,Crystal Brown,acardenas@mcdaniel.com,South,Kevin Thompson,10-06-2021,ST-02,North Annaville,Maine,Central
ORD-1615,3,04-03-2026,11-03-2026,Same Day,Delivered,PayPal,4,0,930.16,CUST-0083,Lori Mason,zhenderson@example.org,+1-788-892-4141x8328,6303 Sandy Crescent,North Sandra,Montana,59925,United States,Home Office,24-08-2023,PROD-0013,Falcon Vacuum 926,Appliances,Vacuums,Meridian,232.54,3.97,"Foster, Garcia and Turner",Burkina Faso,SP-003,Amber Kim,acosta@macias-bell.biz,South,Kevin Thompson,12-03-2019,ST-01,Rodriguezberg,Georgia,North
ORD-1616,1,12-09-2025,24-09-2025,Second Class,Delivered,Store Credit,4,0,4220.28,CUST-0063,Wyatt Young,barbara53@example.com,(483)864-4089,56856 Hernandez Lane Apt. 873,Port Michelle,Arkansas,30037,United States,Corporate,01-02-2022,PROD-0006,Nova Accessorie 214,Electronics,Accessories,Argon,1055.07,33.28,Smith-Hardin,Cook Islands,SP-011,Crystal Brown,acardenas@mcdaniel.com,South,Kevin Thompson,10-06-2021,ST-08,Andrewport,Maryland,Central
ORD-1617,3,25-09-2025,04-10-2025,Same Day,Delivered,Credit Card,5,0.05,5126.58,CUST-0031,Tracy Ballard,christopher60@example.com,-11121,859 Deborah Roads,Port Erica,Utah,61353,United States,Small Business,16-02-2025,PROD-0032,Nova Table 415,Furniture,Tables,Argon,1079.28,31.87,"Wolfe, Sloan and Johnson",Reunion,SP-007,Deborah Campbell,codylong@larsen.biz,South,Kevin Thompson,09-02-2019,ST-02,North Annaville,Maine,Central
ORD-1618,3,14-01-2025,21-01-2025,Same Day,Returned,Debit Card,2,0,1223.36,CUST-0044,Jennifer Sanders,joe15@example.org,4519522047,010 Lewis Drive Suite 143,Port Shannon,Minnesota,39973,United States,Consumer,11-03-2021,PROD-0004,Pinecrest Kitchen 612,Appliances,Kitchen,Crestline,611.68,4.35,Yu-Brooks,Western Sahara,SP-006,Matthew Lawson,gmoore@harris-lee.net,North,Tanya Buchanan,30-11-2022,ST-01,Rodriguezberg,Georgia,North
ORD-1619,3,06-02-2025,18-02-2025,Standard Class,Cancelled,Store Credit,3,0.05,861.1,CUST-0075,Michael Flynn,lloydamanda@example.com,737-714-7859x69691,249 Emily Island Apt. 341,Priceborough,Indiana,24493,United States,Consumer,13-06-2022,PROD-0015,Argon Laptop 919,Electronics,Laptops,Zenith,302.14,7.69,Guzman Inc,Malta,SP-002,Mark Mccarty,sean43@steele.com,East,Michael Anderson,22-04-2023,ST-01,Rodriguezberg,Georgia,North
ORD-1620,1,11-05-2025,12-05-2025,First Class,Delivered,Bank Transfer,3,0.15,773.98,CUST-0006,Michael Lewis,jenniferkhan@example.net,337.263.1165x6670,513 James Mission Apt. 624,North Micheleland,North Carolina,61138,United States,Corporate,31-10-2021,PROD-0016,Crestline Vacuum 385,Appliances,Vacuums,Falcon,303.52,36.94,Guzman Inc,Malta,SP-012,Steven Klein,davidtodd@rush.com,South,Kevin Thompson,08-06-2023,ST-03,Natalieview,Missouri,South
ORD-1621,3,04-11-2025,06-11-2025,Second Class,Delivered,Debit Card,2,0.05,529.32,CUST-0079,Diana Mayer,shawn75@example.net,5179518636,4589 Ashlee Oval Suite 001,Hayesland,Montana,82575,United States,Small Business,02-07-2024,PROD-0011,Zenith Desk 824,Furniture,Desks,Nova,278.59,36.23,Kelly-Combs,Tanzania,SP-014,Andrea Hughes,rarnold@ellis.org,West,Tiffany Fry,09-02-2022,ST-02,North Annaville,Maine,Central
ORD-1622,3,13-06-2025,19-06-2025,Second Class,Processing,Debit Card,2,0.15,1266.77,CUST-0055,Mark Harvey,rhernandez@example.org,8915307562,970 April Points Suite 786,Lake Brett,New Mexico,41625,United States,Corporate,13-05-2025,PROD-0022,Voltura Table 692,Furniture,Tables,Nova,745.16,16.83,Thompson PLC,Ghana,SP-013,Jay Mcneil,oharris@flowers.com,South,Kevin Thompson,18-01-2024,ST-07,North Julie,Louisiana,South
ORD-1623,1,13-08-2024,15-08-2024,Same Day,Shipped,PayPal,2,0,1634.04,CUST-0006,Michael Lewis,jenniferkhan@example.net,337.263.1165x6670,513 James Mission Apt. 624,North Micheleland,North Carolina,61138,United States,Corporate,31-10-2021,PROD-0038,Pinecrest Paper 459,Office Supplies,Paper,Meridian,817.02,33.76,"Foster, Garcia and Turner",Burkina Faso,SP-003,Amber Kim,acosta@macias-bell.biz,South,Kevin Thompson,12-03-2019,ST-06,Williamsmouth,Vermont,East
ORD-1624,1,06-12-2025,16-12-2025,Same Day,Shipped,Credit Card,1,0,278.59,CUST-0071,Mr. David Wright,mwheeler@example.com,924-706-5965,924 Morrison Square Apt. 752,East Ryanchester,Maryland,52699,United States,Consumer,04-06-2025,PROD-0011,Zenith Desk 824,Furniture,Desks,Nova,278.59,36.23,Kelly-Combs,Tanzania,SP-008,Lori Castillo,johnsongeorge@rowland-wells.com,South,Kevin Thompson,07-06-2020,ST-04,Armstrongfort,Arizona,West
ORD-1625,3,26-08-2025,29-08-2025,First Class,Cancelled,Bank Transfer,2,0.15,1793.62,CUST-0063,Wyatt Young,barbara53@example.com,(483)864-4089,56856 Hernandez Lane Apt. 873,Port Michelle,Arkansas,30037,United States,Corporate,01-02-2022,PROD-0006,Nova Accessorie 214,Electronics,Accessories,Argon,1055.07,33.28,Smith-Hardin,Cook Islands,SP-001,Lance Mccall,daniellegarcia@taylor-mcgee.com,North,Tanya Buchanan,30-08-2020,ST-01,Rodriguezberg,Georgia,North
ORD-1626,2,12-11-2025,23-11-2025,Same Day,Shipped,Debit Card,5,0.1,2168.1,CUST-0089,Carl Stein,david70@example.org,001-566-470-6625,7209 Deborah Parks Suite 870,North Wendyborough,Tennessee,11998,United States,Home Office,24-12-2021,PROD-0009,Voltura Vacuum 830,Appliances,Vacuums,Pinecrest,481.8,26.9,"Yu, Banks and Thompson",Monaco,SP-004,Sean Curtis,franciscojones@phillips.com,North,Tanya Buchanan,17-04-2024,ST-03,Natalieview,Missouri,South
ORD-1627,1,27-10-2025,08-11-2025,First Class,Processing,Bank Transfer,8,0.1,2477.66,CUST-0079,Diana Mayer,shawn75@example.net,5179518636,4589 Ashlee Oval Suite 001,Hayesland,Montana,82575,United States,Small Business,02-07-2024,PROD-0045,Crestline Table 774,Furniture,Tables,Zenith,344.12,26.59,"Foster, Garcia and Turner",Burkina Faso,SP-001,Lance Mccall,daniellegarcia@taylor-mcgee.com,North,Tanya Buchanan,30-08-2020,ST-03,Natalieview,Missouri,South
ORD-1628,3,04-02-2026,06-02-2026,First Class,Returned,Store Credit,9,0,9279.18,CUST-0001,Brian Yang,garzaanthony@example.org,538.990.8386,26542 Susan Junction Apt. 161,North Judithbury,Iowa,47553,United States,Consumer,26-10-2024,PROD-0036,Zenith Bookcase 491,Furniture,Bookcases,Nova,1031.02,8.98,"Wolfe, Sloan and Johnson",Reunion,SP-004,Sean Curtis,franciscojones@phillips.com,North,Tanya Buchanan,17-04-2024,ST-04,Armstrongfort,Arizona,West
ORD-1629,1,03-10-2025,08-10-2025,Second Class,Cancelled,Bank Transfer,1,0,664.26,CUST-0029,Megan Moore,llandry@example.com,+1-664-674-3671x3695,640 Renee Summit,Stevetown,New Jersey,65608,United States,Consumer,29-09-2024,PROD-0030,Pinecrest Binder 265,Office Supplies,Binders,Falcon,664.26,17.16,Schroeder PLC,Tokelau,SP-013,Jay Mcneil,oharris@flowers.com,South,Kevin Thompson,18-01-2024,ST-04,Armstrongfort,Arizona,West
ORD-1630,1,26-12-2025,27-12-2025,Same Day,Processing,PayPal,6,0,1671.54,CUST-0023,Andrea Hall,kristin93@example.com,683-624-2102,74648 Kim Rapid Apt. 659,East Keithport,Vermont,33317,United States,Small Business,17-09-2020,PROD-0011,Zenith Desk 824,Furniture,Desks,Nova,278.59,36.23,Kelly-Combs,Tanzania,SP-011,Crystal Brown,acardenas@mcdaniel.com,South,Kevin Thompson,10-06-2021,ST-01,Rodriguezberg,Georgia,North
ORD-1631,1,23-09-2024,24-09-2024,Second Class,Shipped,Credit Card,2,0.15,165.9,CUST-0079,Diana Mayer,shawn75@example.net,5179518636,4589 Ashlee Oval Suite 001,Hayesland,Montana,82575,United States,Small Business,02-07-2024,PROD-0052,Voltura Label 381,Office Supplies,Labels,Falcon,97.59,11.5,Schroeder PLC,Tokelau,SP-013,Jay Mcneil,oharris@flowers.com,South,Kevin Thompson,18-01-2024,ST-08,Andrewport,Maryland,Central
ORD-1632,3,10-06-2026,14-06-2026,First Class,Cancelled,Debit Card,8,0.1,3079.08,CUST-0063,Wyatt Young,barbara53@example.com,(483)864-4089,56856 Hernandez Lane Apt. 873,Port Michelle,Arkansas,30037,United States,Corporate,01-02-2022,PROD-0033,Voltura Accessorie 782,Electronics,Accessories,Zenith,427.65,22.44,Meza-Elliott,Mongolia,SP-002,Mark Mccarty,sean43@steele.com,East,Michael Anderson,22-04-2023,ST-02,North Annaville,Maine,Central
ORD-1633,1,17-10-2024,19-10-2024,Second Class,Cancelled,Debit Card,6,0,631.92,CUST-0087,Angela Davis,danafoster@example.net,001-706-723-4456,3132 Eric Expressway Suite 756,Haynesstad,New Jersey,16326,United States,Small Business,06-04-2023,PROD-0058,Meridian Chair 706,Furniture,Chairs,Nova,105.32,17.2,"Yu, Banks and Thompson",Monaco,SP-006,Matthew Lawson,gmoore@harris-lee.net,North,Tanya Buchanan,30-11-2022,ST-04,Armstrongfort,Arizona,West
ORD-1634,1,27-02-2026,07-03-2026,Same Day,Shipped,Debit Card,10,0.05,1000.54,CUST-0049,Steven Wallace,cochrantammy@example.com,+1-451-588-4422x58313,58957 Cheryl Corners Apt. 467,Gonzalezberg,California,69404,United States,Corporate,21-08-2022,PROD-0058,Meridian Chair 706,Furniture,Chairs,Nova,105.32,17.2,"Yu, Banks and Thompson",Monaco,SP-004,Sean Curtis,franciscojones@phillips.com,North,Tanya Buchanan,17-04-2024,ST-02,North Annaville,Maine,Central
ORD-1635,3,09-03-2025,15-03-2025,Second Class,Processing,PayPal,3,0.05,1893.14,CUST-0079,Diana Mayer,shawn75@example.net,5179518636,4589 Ashlee Oval Suite 001,Hayesland,Montana,82575,United States,Small Business,02-07-2024,PROD-0030,Pinecrest Binder 265,Office Supplies,Binders,Falcon,664.26,17.16,Schroeder PLC,Tokelau,SP-003,Amber Kim,acosta@macias-bell.biz,South,Kevin Thompson,12-03-2019,ST-07,North Julie,Louisiana,South
ORD-1636,2,03-10-2024,15-10-2024,Second Class,Delivered,Bank Transfer,10,0,7451.6,CUST-0026,Veronica Sanchez,patrickweeks@example.net,001-921-446-5840x4499,755 Gibson Islands Apt. 396,Williamview,Nebraska,31114,United States,Corporate,11-11-2024,PROD-0022,Voltura Table 692,Furniture,Tables,Nova,745.16,16.83,Thompson PLC,Ghana,SP-003,Amber Kim,acosta@macias-bell.biz,South,Kevin Thompson,12-03-2019,ST-01,Rodriguezberg,Georgia,North
ORD-1637,1,11-02-2026,15-02-2026,Second Class,Returned,Store Credit,5,0.1,1444.68,CUST-0059,Timothy Smith,wyoung@example.com,649-390-4530x17426,9332 Hernandez Summit Suite 687,South Elizabethburgh,Florida,99768,United States,Home Office,09-04-2023,PROD-0027,Zenith Accessorie 999,Electronics,Accessories,Crestline,321.04,35.6,"Yu, Banks and Thompson",Monaco,SP-003,Amber Kim,acosta@macias-bell.biz,South,Kevin Thompson,12-03-2019,ST-06,Williamsmouth,Vermont,East
ORD-1638,2,16-06-2025,20-06-2025,First Class,Delivered,Bank Transfer,10,0.05,10023.16,CUST-0030,Colleen Lee,erica21@example.net,+1-504-470-9521x4562,842 Sloan Orchard Suite 517,Kimberlybury,Rhode Island,10370,United States,Consumer,15-04-2021,PROD-0006,Nova Accessorie 214,Electronics,Accessories,Argon,1055.07,33.28,Smith-Hardin,Cook Islands,SP-007,Deborah Campbell,codylong@larsen.biz,South,Kevin Thompson,09-02-2019,ST-08,Andrewport,Maryland,Central
ORD-1639,1,16-05-2025,26-05-2025,Standard Class,Cancelled,Credit Card,4,0.1,1092.67,CUST-0032,Andrew Ferrell,davispaige@example.org,(275)786-9261x7964,7351 Stephens Rue,Debraville,Florida,47513,United States,Consumer,19-11-2020,PROD-0016,Crestline Vacuum 385,Appliances,Vacuums,Falcon,303.52,36.94,Guzman Inc,Malta,SP-006,Matthew Lawson,gmoore@harris-lee.net,North,Tanya Buchanan,30-11-2022,ST-07,North Julie,Louisiana,South
ORD-1640,2,26-11-2025,03-12-2025,Standard Class,Cancelled,Bank Transfer,9,0.05,8570.01,CUST-0006,Michael Lewis,jenniferkhan@example.net,337.263.1165x6670,513 James Mission Apt. 624,North Micheleland,North Carolina,61138,United States,Corporate,31-10-2021,PROD-0031,Crestline Laptop 658,Electronics,Laptops,Nova,1002.34,23.34,Thompson PLC,Ghana,SP-012,Steven Klein,davidtodd@rush.com,South,Kevin Thompson,08-06-2023,ST-01,Rodriguezberg,Georgia,North
ORD-1641,1,13-07-2025,25-07-2025,First Class,Processing,Debit Card,7,0,7385.49,CUST-0031,Tracy Ballard,christopher60@example.com,-11121,859 Deborah Roads,Port Erica,Utah,61353,United States,Small Business,16-02-2025,PROD-0006,Nova Accessorie 214,Electronics,Accessories,Argon,1055.07,33.28,Smith-Hardin,Cook Islands,SP-009,John Guerrero,maypaul@mcclure-wood.info,North,Tanya Buchanan,07-11-2018,ST-01,Rodriguezberg,Georgia,North
ORD-1642,3,25-08-2025,05-09-2025,Same Day,Returned,Store Credit,5,0,5275.35,CUST-0083,Lori Mason,zhenderson@example.org,+1-788-892-4141x8328,6303 Sandy Crescent,North Sandra,Montana,59925,United States,Home Office,24-08-2023,PROD-0006,Nova Accessorie 214,Electronics,Accessories,Argon,1055.07,33.28,Smith-Hardin,Cook Islands,SP-001,Lance Mccall,daniellegarcia@taylor-mcgee.com,North,Tanya Buchanan,30-08-2020,ST-08,Andrewport,Maryland,Central
ORD-1643,2,08-11-2024,20-11-2024,Same Day,Delivered,Credit Card,7,0,4649.82,CUST-0004,Juan Dunlap,maldonadoamanda@example.com,001-551-446-2704x82814,88095 Smith Lake Suite 303,Carlsonmouth,North Dakota,74865,United States,Corporate,26-04-2025,PROD-0030,Pinecrest Binder 265,Office Supplies,Binders,Falcon,664.26,17.16,Schroeder PLC,Tokelau,SP-008,Lori Castillo,johnsongeorge@rowland-wells.com,South,Kevin Thompson,07-06-2020,ST-03,Natalieview,Missouri,South
ORD-1644,2,13-05-2025,22-05-2025,First Class,Returned,Store Credit,1,0,105.32,CUST-0050,Maria Cole,david89@example.org,001-626-380-1824x22535,84249 Wayne Extension Apt. 299,Morrowland,Florida,44753,United States,Consumer,17-10-2024,PROD-0058,Meridian Chair 706,Furniture,Chairs,Nova,105.32,17.2,"Yu, Banks and Thompson",Monaco,SP-012,Steven Klein,davidtodd@rush.com,South,Kevin Thompson,08-06-2023,ST-06,Williamsmouth,Vermont,East
ORD-1645,1,06-03-2026,16-03-2026,First Class,Delivered,Credit Card,6,0.15,2768.43,CUST-0074,Kelly Bailey,kimheather@example.com,440-410-5123,673 Soto Ferry Suite 609,West Larry,New Jersey,26364,United States,Home Office,30-10-2022,PROD-0051,Crestline Heater 861,Appliances,Heaters,Falcon,542.83,30.1,"Yu, Banks and Thompson",Monaco,SP-004,Sean Curtis,franciscojones@phillips.com,North,Tanya Buchanan,17-04-2024,ST-02,North Annaville,Maine,Central
ORD-1646,3,03-09-2025,09-09-2025,Standard Class,Returned,Debit Card,6,0,4483.74,CUST-0050,Maria Cole,david89@example.org,001-626-380-1824x22535,84249 Wayne Extension Apt. 299,Morrowland,Florida,44753,United States,Consumer,17-10-2024,PROD-0024,Zenith Label 109,Office Supplies,Labels,Falcon,747.29,22.56,Thompson-Johnson,Azerbaijan,SP-008,Lori Castillo,johnsongeorge@rowland-wells.com,South,Kevin Thompson,07-06-2020,ST-01,Rodriguezberg,Georgia,North
ORD-1647,3,03-07-2026,14-07-2026,Second Class,Shipped,PayPal,8,0.15,5067.09,CUST-0018,Traci Rodriguez,hickmanbarbara@example.com,(831)793-1491x9058,506 Garcia Lake,Garyville,Wyoming,83808,United States,Corporate,15-01-2025,PROD-0022,Voltura Table 692,Furniture,Tables,Nova,745.16,16.83,Thompson PLC,Ghana,SP-004,Sean Curtis,franciscojones@phillips.com,North,Tanya Buchanan,17-04-2024,ST-02,North Annaville,Maine,Central
ORD-1648,2,14-11-2024,19-11-2024,First Class,Cancelled,Bank Transfer,1,0,105.32,CUST-0046,Nicole Anderson,amy27@example.net,822.917.0430x3054,34505 Martinez Land Suite 676,West Johnville,Wyoming,44939,United States,Corporate,14-06-2025,PROD-0058,Meridian Chair 706,Furniture,Chairs,Nova,105.32,17.2,"Yu, Banks and Thompson",Monaco,SP-005,Christopher Bennett,paynerachael@morgan.info,North,Tanya Buchanan,23-10-2022,ST-07,North Julie,Louisiana,South
ORD-1649,3,09-12-2025,17-12-2025,First Class,Cancelled,Store Credit,9,0.15,8962.51,CUST-0065,Kristen Rowe,powens@example.com,245-587-7175x3556,48996 Hernandez Isle,Rochaborough,Montana,30650,United States,Small Business,25-06-2022,PROD-0034,Voltura Vacuum 985,Appliances,Vacuums,Crestline,1171.57,32.45,"Yu, Banks and Thompson",Monaco,SP-014,Andrea Hughes,rarnold@ellis.org,West,Tiffany Fry,09-02-2022,ST-02,North Annaville,Maine,Central
ORD-1650,1,31-05-2026,04-06-2026,Same Day,Shipped,PayPal,8,0,780.72,CUST-0048,Holly Reyes,jacobserika@example.com,(271)492-8565x431,681 Hampton Squares Suite 394,Johnsonland,Kansas,91462,United States,Consumer,01-03-2025,PROD-0052,Voltura Label 381,Office Supplies,Labels,Falcon,97.59,11.5,Schroeder PLC,Tokelau,SP-011,Crystal Brown,acardenas@mcdaniel.com,South,Kevin Thompson,10-06-2021,ST-02,North Annaville,Maine,Central
